track_name,artist(s)_name,release_date,in_spotify_playlists,duration_s,streams,bpm,key,mode,danceability_%,valence_%,energy_%,acousticness_%,instrumentalness_%,liveness_%,speechiness_%
Seven (feat. Latto) (Explicit Ver.),"Latto, Jung Kook",2023-07-14,553,183.55,141381703,125,B,Major,80,89,83,31,0,8,4
LALA,Myke Towers,2023-03-23,1474,197.92,133716286,92,C#,Major,71,61,74,7,0,10,4
vampire,Olivia Rodrigo,2023-06-30,1397,219.724,140003974,138,F,Major,51,32,53,17,0,31,6
Cruel Summer,Taylor Swift,2019-08-23,7858,178.426,800840817,170,A,Major,55,58,72,11,0,11,15
WHERE SHE GOES,Bad Bunny,2023-05-18,3133,231.704,303236322,144,A,Minor,65,23,80,14,63,11,6
Sprinter,"Dave, Central Cee",2023-06-01,2186,229.133,183706234,141,C#,Major,92,66,58,19,0,8,24
Ella Baila Sola,"Eslabon Armado, Peso Pluma",2023-03-16,3090,165.671,725980112,148,F,Minor,67,83,76,48,0,8,3
Columbia,Quevedo,2023-07-07,714,186.0,58149378,100,F,Major,67,26,71,37,0,11,4
fukumean,Gunna,2023-05-15,1096,125.04,95217315,130,C#,Minor,85,22,62,12,0,28,9
La Bebe - Remix,"Peso Pluma, Yng Lvcas",2023-03-17,2953,234.352,553634067,170,D,Minor,81,56,48,21,0,8,33
un x100to,"Bad Bunny, Grupo Frontera",2023-04-17,2876,194.563,505671438,83,F#,Minor,57,56,72,23,0,27,5
Super Shy,NewJeans,2023-07-07,422,154.666,58255150,150,F,Minor,78,52,82,18,0,15,7
Flowers,Miley Cyrus,2023-01-12,12211,200.6,1316855716,118,A,Major,71,65,68,6,0,3,7
Daylight,David Kushner,2023-04-14,3528,212.953,387570742,130,D,Minor,51,32,43,83,0,9,3
As It Was,Harry Styles,2022-03-31,23575,167.303,2513188493,174,F#,Minor,52,66,73,34,0,31,6
Kill Bill,SZA,2022-12-08,8109,153.946,1163093654,89,G#,Major,64,43,73,5,17,16,4
Cupid - Twin Ver.,Fifty Fifty,2023-02-24,2942,188.1575,496795686,120,B,Minor,78,76,59,43,0,34,3
"What Was I Made For? [From The Motion Picture ""Barbie""]",Billie Eilish,2023-07-13,873,222.369,30546883,78,B,Major,44,14,9,96,0,10,3
Classy 101,"Feid, Young Miko",2023-03-31,2610,195.986,335222234,100,B,Major,86,67,66,14,0,12,16
Like Crazy,Jimin,2023-03-24,596,212.241,363369738,120,G,Major,63,36,73,0,0,36,4
LADY GAGA,"Gabito Ballesteros, Junior H, Peso Pluma",2023-06-22,332,212.878,86444842,140,F,Minor,65,87,74,22,0,42,4
I Can See You (Taylors Version) (From The ,Taylor Swift,2023-07-07,516,273.186,52135248,123,F#,Major,69,82,76,6,0,6,3
I Wanna Be Yours,Arctic Monkeys,2013-01-01,12859,183.956,1297026226,135,A,Minor,48,44,42,12,2,11,3
"Peso Pluma: Bzrp Music Sessions, Vol. 55","Bizarrap, Peso Pluma",2023-05-31,1313,188.361,200647221,133,F,Minor,85,81,67,26,0,12,5
Popular (with Playboi Carti & Madonna) - The Idol Vol. 1 (Music from the HBO Original Series),"The Weeknd, Madonna, Playboi Carti",2023-06-02,1945,215.466,115364561,99,C#,Major,85,83,68,7,0,36,20
SABOR FRESA,Fuerza Regida,2023-06-22,250,156.5,78300654,130,G,Minor,79,96,86,9,0,9,9
MOJABI GHOST,"Tainy, Bad Bunny",2023-06-29,859,232.131,61245289,122,F#,Minor,81,74,71,14,0,56,4
Last Night,Morgan Wallen,2023-01-31,2420,163.854,429829812,204,F#,Major,52,52,68,46,0,15,4
Dance The Night (From Barbie The Album),Dua Lipa,2023-05-25,2988,176.579,127408954,110,B,Minor,67,78,85,2,0,33,5
Rush,Troye Sivan,2023-07-13,864,156.391,22581161,126,F,Minor,74,35,84,0,0,11,6
TULUM,"Peso Pluma, Grupo Frontera",2023-06-28,266,209.415,52294266,168,F#,Major,56,63,87,39,0,11,5
Creepin',"The Weeknd, 21 Savage, Metro Boomin",2022-12-02,6036,221.52,843957510,98,C#,Minor,71,17,61,36,0,8,5
Anti-Hero,Taylor Swift,2022-10-21,9082,200.69,999748277,97,E,Major,64,51,63,12,0,19,5
TQG,"Karol G, Shakira",2023-02-23,4284,197.933,618990393,180,E,Minor,72,61,63,67,0,9,28
Los del Espacio,"Big One, Duki, Lit Killah, Maria Becerra, FMK, Rusherking, Emilia, Tiago pzk",2023-06-01,1150,338.0,123122413,120,G#,Major,81,63,68,11,0,11,4
Fragil (feat. Grupo Front,"Yahritza Y Su Esencia, Grupo Frontera",2023-04-07,672,160.517,188933502,150,F#,Major,61,39,73,37,0,11,3
Blank Space,Taylor Swift,2014-01-01,11434,231.826,1355959075,96,F,Major,75,57,68,9,0,13,6
Style,Taylor Swift,2014-01-01,7830,231.0,786181836,95,D,Major,60,48,79,0,0,12,4
TQM,Fuerza Regida,2023-05-19,584,158.965,176553476,125,F,Minor,79,96,85,27,0,11,6
El Azul,"Junior H, Peso Pluma",2023-02-10,692,187.225,354495408,144,A,Minor,56,84,65,23,0,10,6
Sunflower - Spider-Man: Into the Spider-Verse,"Post Malone, Swae Lee",2018-10-09,24094,157.56,2808096550,90,D,Major,76,91,50,54,0,7,5
I'm Good (Blue),"Bebe Rexha, David Guetta",2022-08-26,12482,175.238,1109433169,128,G,Minor,56,38,97,4,0,35,4
See You Again,"Tyler, The Creator, Kali Uchis",2017-07-21,13387,180.386,1047101291,79,F#,Major,56,58,56,37,0,11,10
Barbie World (with Aqua) [From Barbie The Album],"Nicki Minaj, Aqua, Ice Spice",2023-06-23,1117,109.75,65156199,144,A,Major,77,75,58,52,0,23,25
Angels Like You,Miley Cyrus,2020-11-27,3372,196.453,570515054,122,F,Major,67,49,64,10,0,10,3
I Ain't Worried,OneRepublic,2022-05-13,8431,148.485,1085685420,140,C#,Major,71,82,81,11,0,6,5
Die For You,The Weeknd,2016-11-24,2483,260.252,1647990401,134,C#,Minor,59,51,52,9,0,15,7
Starboy,"The Weeknd, Daft Punk",2016-09-21,29536,230.453,2565529693,186,G,Major,68,49,59,16,0,13,28
Die For You - Remix,"Ariana Grande, The Weeknd",2023-02-24,3408,232.857,518745108,67,C#,Minor,53,50,53,23,0,44,7
El Cielo,"Feid, Myke Towers, Sky Rompiendo",2023-06-02,1298,191.32,107753850,106,A#,Minor,72,17,64,7,0,10,5
Baby Don't Hurt Me,"David Guetta, Anne-Marie, Coi Leray",2023-04-06,4277,140.017,177740666,128,G,Major,60,23,91,0,0,12,3
AMARGURA,Karol G,2023-02-24,1133,185.781,153372011,107,F#,Minor,92,55,70,18,0,15,7
(It Goes Like) Nanana - Edit,Peggy Gou,2023-06-15,2259,231.545,57876440,130,G,Minor,67,96,88,12,19,8,4
Another Love,Tom Odell,2012-10-15,18371,244.36,1813673666,123,E,Minor,45,13,54,70,0,9,4
Blinding Lights,The Weeknd,2019-11-29,43899,200.04,3703895074,171,C#,Major,50,38,80,0,0,9,7
Moonlight,Kali Uchis,2023-02-24,2649,187.557,256483385,137,G,Minor,64,88,72,51,0,17,5
La Bachata,Manuel Turizo,2022-05-26,6804,162.637,1214083358,125,G,Minor,84,85,68,58,0,22,4
S91,Karol G,2023-07-14,525,201.0985,16011326,128,F#,Minor,86,42,72,59,0,9,19
cardigan,Taylor Swift,2020-07-24,7923,239.56,812019557,130,A,Minor,61,53,58,55,0,27,4
Boy's a liar Pt. 2,"PinkPantheress, Ice Spice",2023-02-03,5184,131.013,156338624,133,F,Major,70,86,81,25,0,25,5
Left and Right (Feat. Jung Kook of BTS),"Charlie Puth, BTS, Jung Kook",2022-06-24,3107,154.486,720434240,101,D,Major,88,72,59,62,0,9,3
BESO,"Rauw Alejandro, ROSALIA",2023-03-24,4053,194.543,357925728,95,F,Minor,77,53,64,74,0,17,14
Hey Mor,"Ozuna, Feid",2022-10-06,4637,196.6,674072710,98,C#,Minor,90,40,59,0,0,10,29
Yellow,Chris Molitor,1999-01-01,31358,200.726,1755214421,173,B,Major,43,28,66,0,0,23,3
Karma,Taylor Swift,2022-10-21,3818,204.852,404562836,90,G#,Major,64,10,62,7,0,48,7
People,Libianca,2022-12-02,3506,176.2655,373199958,198,A#,Minor,59,71,42,55,0,10,7
Overdrive,Post Malone,2023-07-14,410,147.679,14780425,140,C#,Major,56,48,73,0,0,35,4
Enchanted (Taylor's Version),Taylor Swift,2023-07-07,148,353.253,39578178,82,G#,Major,51,22,53,1,0,15,3
BABY HELLO,"Rauw Alejandro, Bizarrap",2023-06-23,1004,222.461,54266102,130,C#,Minor,77,84,89,17,0,43,5
Heat Waves,Glass Animals,2020-06-28,22543,238.805,2557975762,81,B,Major,76,53,53,44,0,9,9
golden hour,JVKE,2022-07-15,4511,209.259,751134527,94,C#,Minor,51,14,59,65,18,25,3
Sweater Weather,The Neighbourhood,2012-05-14,16413,240.4,2282771485,124,A#,Major,61,41,81,5,2,10,3
"Quevedo: Bzrp Music Sessions, Vol. 52","Bizarrap, Quevedo",2022-07-06,8506,198.937,1356565093,128,D,Major,62,55,78,1,3,23,4
Viva La Vida,Coldplay,2008-01-01,33898,242.373,1592909789,138,F,Minor,49,42,62,9,0,11,3
Here With Me,d4vd,2022-07-17,3246,242.484,635412045,132,E,Major,58,27,48,50,0,12,3
Unholy (feat. Kim Petras),"Sam Smith, Kim Petras",2022-09-22,8576,156.943,1230675890,131,D,Major,71,24,47,1,0,27,9
Yandel 150,"Yandel, Feid",2022-12-20,3618,216.148,585695368,168,F#,Minor,78,58,73,5,0,10,7
CORAZON VA,Maria Becerra,2023-06-22,370,160.535,43857627,98,C#,Major,68,40,79,33,0,30,6
Riptide,Vance Joy,1975-01-01,31123,204.28,2009094673,102,C#,Major,48,50,73,43,0,15,4
Until I Found You (with Em Beihold) - Em Beihold Version,"Em Beihold, Stephen Sanchez",2022-04-22,2790,176.44,600976848,101,A#,Major,34,32,57,78,0,20,3
Back To December (Taylor's Version),Taylor Swift,2023-07-07,139,294.189,39228929,142,D,Major,50,20,64,1,0,12,3
STAY (with Justin Bieber),"Justin Bieber, The Kid Laroi",2021-07-09,17050,141.805,2665343922,170,C#,Major,59,48,76,4,0,10,5
El Merengue,"Marshmello, Manuel Turizo",2023-03-03,2114,189.668,223633238,124,G#,Minor,78,70,68,3,1,11,4
Someone You Loved,Lewis Capaldi,2018-11-08,17836,182.16,2887241814,110,C#,Major,50,45,41,75,0,11,3
Me Porto Bonito,"Chencho Corleone, Bad Bunny",2022-05-06,8870,178.567,1440757818,92,C#,Minor,91,43,71,9,0,9,8
Makeba,Jain,2015-06-22,6060,248.986,165484133,116,D,Major,82,40,66,39,51,25,7
MONTAGEM - FR PUNK,"Ayparia, unxbected",2012-06-20,641,257.2395,58054811,129,A,Major,63,84,82,70,8,9,7
Fast Car,Luke Combs,2023-03-24,1446,265.493,157058870,98,G#,Major,71,67,60,19,0,12,3
What It Is (Solo Version),Doechii,2023-03-17,804,189.824,95131998,172,C#,Minor,74,76,76,6,0,10,9
Coco Chanel,"Bad Bunny, Eladio Carrion",2023-03-17,1962,208.125,250305248,150,D,Major,68,14,76,4,0,10,4
Still With You,Jung Kook,2020-06-05,31,239.905,38411956,88,C#,Minor,53,34,47,9,0,83,4
All My Life (feat. J. Cole),"J. Cole, Lil Durk",2023-05-12,2175,223.878,144565150,143,D#,Major,83,69,44,15,0,10,33
Say Yes To Heaven,Lana Del Rey,2023-03-17,2000,209.156,127567540,100,F#,Minor,49,17,35,71,9,11,3
Snooze,SZA,2022-12-09,2839,201.8,399686758,143,F,Major,56,39,55,14,0,11,13
Summertime Sadness,Lana Del Rey,2011-01-01,20333,265.427,983637508,112,C#,Minor,56,24,66,7,0,12,3
Take Two,BTS,2023-06-09,674,229.953,118482347,93,G,Major,62,57,59,3,0,38,3
Lover,Taylor Swift,2012-01-01,8448,221.306,882831184,206,G,Major,43,50,55,50,0,15,10
Too Many Nights (feat. Don Toliver & with Future),"Future, Metro Boomin, Don Toliver",2022-12-02,2110,199.92,286400165,88,G,Minor,68,17,71,15,0,11,5
Chemical,Post Malone,2023-04-14,2528,184.013,172825906,170,D,Major,50,37,90,0,0,12,5
Mockingbird,Eminem,2004-01-01,12985,250.76,1241559043,84,E,Minor,62,24,67,21,0,13,28
New Jeans,NewJeans,2023-07-07,77,108.986,29562220,134,E,Minor,81,53,72,51,0,12,5
Primera Cita,Carin Leon,2022-04-20,266,186.455,77309611,158,A#,Major,54,50,40,61,0,10,6
Cold Heart - PNAU Remix,"Dua Lipa, Elton John, Pnau",2017-11-10,21097,202.735,1605224506,116,C#,Major,80,92,80,4,0,10,3
Dandelions,Ruth B.,2017-04-28,3423,233.72,1116995633,117,C#,Major,61,45,69,2,0,9,3
Bones,Imagine Dragons,2021-03-11,4198,165.264,838079900,114,F,Minor,77,65,72,2,0,7,5
Set Fire to the Rain,Adele,2011-01-01,14739,242.973,1163620694,108,D,Minor,61,47,68,0,0,13,3
Money Trees,"Kendrick Lamar, Jay Rock",2012-01-01,26792,386.906,1093605526,144,E,Minor,74,37,53,7,0,21,10
Tak Segampang Itu,Anggi Marito,2022-12-02,213,231.1,179659294,130,F,Major,51,18,44,76,0,11,3
LAGUNAS,"Jasiel Nuñez, Peso P",2023-06-22,58,231.246,39058561,116,B,Major,77,79,62,33,1,15,3
Mine (Taylor's Version),Taylor Swift,2023-07-07,99,231.706,36912123,121,G,Major,65,49,78,0,0,17,4
Everybody Wants To Rule The World,Tears For Fears,1985-02-17,41751,251.488,1205951614,112,G,Major,64,54,81,36,0,11,6
No Role Modelz,J. Cole,2014-12-09,21164,292.799,1791000570,100,A#,Minor,70,47,52,30,0,6,33
Tattoo,Loreen,2023-02-25,2988,183.374,201660859,150,D#,Minor,55,30,78,24,0,12,8
Rara Vez,"Taiu, Milo j",2023-02-08,893,128.677,248088961,120,F,Minor,84,96,71,18,0,34,17
VAGABUNDO,"Sebastian Yatra, Manuel Turizo, Beï¿½ï",2023-05-12,1094,215.6,90839753,127,B,Minor,82,89,85,4,0,23,6
august,Taylor Swift,2020-07-24,7324,261.922,607123776,90,F,Major,51,42,61,53,0,9,3
LUNA,"Junior H, Peso Pluma",2023-06-22,201,163.551,55842345,128,A,Minor,75,79,63,33,0,15,4
Miracle (with Ellie Goulding),"Calvin Harris, Ellie Goulding",2023-03-10,5120,186.496,211050784,143,A,Major,64,31,87,4,4,8,4
Nonsense,Sabrina Carpenter,2022-07-15,2346,163.648,342897938,139,G#,Major,74,68,68,3,0,26,4
Que Vuelvas,"Carin Leon, Grupo Frontera",2022-12-09,763,169.418,2762,162,A#,Major,49,78,64,19,0,11,4
Por las Noches,Peso Pluma,2021-06-11,457,238.888,330346424,92,F#,Major,81,39,60,31,0,7,3
Feliz Cumpleaños Fe,Feid,2022-08-19,3430,155.96,601863821,95,F,Major,87,57,55,10,0,29,7
Can't Hold Us (feat. Ray Dalton),"Ray Dalton, Ryan Lewis, Macklemore",2011-08-16,6074,258.431,1953533826,146,D,Major,63,88,93,3,0,10,8
Watermelon Sugar,Harry Styles,2019-11-17,21915,174.0,2322580122,95,G#,Major,55,56,82,12,0,34,5
lovely - Bonus Track,"Billie Eilish, Khalid",2017-08-11,15032,182.627,2355719893,115,E,Minor,35,12,30,93,0,10,3
"Rauw Alejandro: Bzrp Music Sessions, Vol. 56","Rauw Alejandro, Bizarrap",2023-06-21,871,191.254,66902503,128,B,Major,78,59,65,10,0,26,5
Queencard,(G)I-DLE,2023-05-15,451,161.24,96273746,130,E,Minor,82,69,83,3,0,27,5
OMG,NewJeans,2023-01-02,1783,212.253,430977451,127,A,Minor,80,74,77,36,0,11,4
Radio,Lana Del Rey,2011-01-01,9389,214.573,284819874,150,D,Major,42,20,86,21,0,9,9
"Shakira: Bzrp Music Sessions, Vol. 53","Shakira, Bizarrap",2023-01-11,5724,214.945,721975598,122,D,Minor,78,50,63,27,0,9,5
505,Arctic Monkeys,2007-04-20,13985,253.586,1217120710,140,A,Major,52,20,85,0,0,7,5
"Calling (Spider-Man: Across the Spider-Verse) (Metro Boomin & Swae Lee, NAV, feat. A Boogie Wit da Hoodie)","Swae Lee, A Boogie Wit da Hoodie, Metro Boomin, NAV",2023-06-02,1051,219.453,109276132,140,F,Major,63,22,54,46,0,12,8
Trance (with Travis Scott & Young Thug),"Travis Scott, Young Thug, Metro Boomin",2022-12-02,1682,194.786,276259178,119,C#,Minor,75,48,53,18,0,18,34
"Tere Vaaste (From ""Zara Hatke Zara Bachke"")","Sachin-Jigar, Shadab Faridi, Altamash Faridi, Amitabh Bhattacharya, Varun Jain",2023-05-22,182,189.136,54225632,110,G,Minor,76,96,72,32,0,9,4
Perfect,Ed Sheeran,2017-01-01,16596,263.4,2559529074,95,G#,Major,60,17,45,16,0,11,2
Romantic Homicide,d4vd,2022-07-20,2335,132.63,681583126,132,F#,Major,56,20,55,45,1,32,3
Believer,Imagine Dragons,2017-01-31,18986,204.346,2594040133,125,A#,Minor,77,74,78,4,0,23,11
"Gol Bolinha, Gol Quadrado 2","Mc Pedrinho, DJ 900",2023-06-01,293,117.293,11956641,133,B,Minor,93,68,65,42,0,12,25
Without Me,Eminem,2002-01-01,21081,290.32,1687664027,112,G,Major,92,67,66,0,0,36,9
QUEMA,"Sog, Ryan Castro, Peso Pluma",2023-07-13,437,150.618,11599388,97,D,Major,79,92,89,5,0,6,5
Stargirl Interlude,"The Weeknd, Lana Del Rey",2016-11-24,1275,111.64,611700552,90,F,Minor,59,52,48,38,5,10,11
Ojitos Lindos,"Bomba Estereo, Bad B",2022-05-06,6135,175.213,1133865788,80,D#,Minor,65,27,69,8,0,53,4
Somewhere Only We Know,Keane,2004-01-01,20015,238.786,1089402494,172,A,Major,45,33,59,6,0,8,3
Those Eyes,New West,2019-05-10,1507,220.75,411747614,120,E,Major,60,24,35,73,0,31,3
El Gordo Trae El Mando,Chino Pacas,2023-01-27,539,112.087,255932395,140,G,Minor,74,96,80,18,0,5,5
Mi Bello Angel,Natanael Cano,2023-06-30,86,188.666,31873544,128,A,Minor,81,90,77,1,0,9,5
Bye,Peso Pluma,2023-05-26,324,193.71949999999998,95053634,122,A,Major,78,70,81,57,0,10,5
Danza Kuduro,"Don Omar, Lucenzo",2010-01-01,17138,198.773,1279434863,130,A,Major,47,86,92,8,0,5,24
Nosso Quadro,"Ana Castela, AgroPlay",2023-02-02,894,173.698,233801632,160,A,Major,69,61,71,33,0,31,20
Locked Out Of Heaven,Bruno Mars,2012-12-05,1622,233.478,1481349984,144,F,Major,73,87,70,6,0,28,5
Un Finde | CROSSOVER #2,"Big One, FMK, Ke personajes",2023-04-04,561,162.5,142095275,192,B,Major,50,85,52,11,0,28,6
Jimmy Cooks (feat. 21 Savage),"Drake, 21 Savage",2022-06-17,5871,218.364,618885532,163,B,Major,54,40,67,0,0,9,17
Counting Stars,OneRepublic,2013-01-01,29215,257.84,2011464183,122,C#,Minor,66,48,71,6,0,12,4
Ghost,Justin Bieber,2021-03-19,5866,153.19,1167330737,154,D,Major,61,41,74,21,0,40,6
Under The Influence,Chris Brown,2019-10-04,3859,184.613,929964809,117,A,Minor,73,31,69,6,0,11,4
PRC,"Natanael Cano, Peso Pluma",2023-01-23,961,184.066,436027885,138,G,Minor,78,89,83,10,0,12,5
Gasolina,Daddy Yankee,2004-07-13,6457,192.6,657723613,96,D,Major,86,74,80,33,0,8,6
One Dance,"Drake, WizKid, Kyla",2016-04-04,43257,173.986,2713922350,104,C#,Major,77,36,63,1,0,36,5
Enchanted,Taylor Swift,2010-01-01,4564,353.253,621660989,164,G#,Major,45,24,62,8,0,16,3
Save Your Tears,The Weeknd,2020-03-20,12688,215.626,1591223784,118,A,Major,68,61,82,2,0,50,3
Sure Thing,Miguel,2010-05-25,13801,195.373,950906471,81,B,Minor,68,51,60,3,0,19,10
Every Breath You Take - Remastered 2003,The Police,1983-01-06,22439,253.92,1593270737,117,C#,Major,82,73,45,54,0,7,3
The Night We Met,Lord Huron,2015-02-02,18515,208.211,1410088830,174,D,Major,45,10,37,97,25,64,4
We Found Love,"Rihanna, Calvin Harris",2011-01-01,36843,215.226,1235005533,128,C#,Major,73,60,77,3,0,11,4
When I Was Your Man,Bruno Mars,2012-12-05,2420,213.826,1661187319,145,C#,Major,60,43,27,94,0,14,4
Let Me Down Slowly,Alec Benjamin,2018-05-25,5897,169.353,1374581173,150,C#,Minor,65,51,55,73,0,14,3
"Am I Dreaming (Metro Boomin & A$AP Rocky, Roisee)","A$AP Rocky, Metro Boomin, Roisee",2023-06-02,727,256.026,94186466,90,A,Minor,60,13,53,4,0,21,4
Do I Wanna Know?,Arctic Monkeys,2013-01-01,33783,272.394,1788326445,85,F,Major,55,42,53,17,0,22,3
Demons,Imagine Dragons,2012-01-01,26694,175.2,1840364617,180,D#,Major,33,38,71,20,0,28,5
Reminder,The Weeknd,2016-11-25,6518,218.88,684675814,160,G#,Major,71,40,50,16,0,16,22
Shake It Off,Taylor Swift,2014-01-01,21335,219.2,1113838873,160,G,Major,65,95,80,5,0,41,16
Why'd You Only Call Me When You're High?,Arctic Monkeys,2013-01-01,23389,161.123,1267333350,92,D,Major,70,81,63,4,0,8,4
SNAP,Rosa Linn,2022-03-19,3202,179.551,726307468,170,F,Major,56,53,64,11,0,45,6
Shape of You,Ed Sheeran,2017-01-06,32181,233.712,3562543890,96,C#,Minor,83,93,65,58,0,9,8
Night Changes,One Direction,2014-11-17,7124,226.6,1131090940,120,G#,Major,67,40,52,86,0,12,4
Fin de Semana,"Oscar Maydon, Junior H",2023-01-13,592,224.92,307370144,98,G#,Major,70,37,54,6,0,9,8
Creep,Radiohead,1992-09-21,36724,238.64,1271293243,92,G,Major,53,12,34,1,0,12,4
Car's Outside,James Arthur,2019-10-18,794,248.373,265882712,150,A,Major,34,24,56,4,0,11,3
Apocalypse,Cigarettes After Sex,2017-03-21,13091,290.146,841749534,94,F,Major,37,17,47,2,46,11,3
Cheques,Shubh,2023-05-19,67,183.756,47956378,90,E,Minor,74,36,63,26,0,27,5
Pink + White,Frank Ocean,2016-08-20,21574,184.516,806397070,160,A,Major,54,54,55,67,0,42,11
Circles,Post Malone,2019-08-30,19664,215.28,2132335812,120,F,Major,70,59,75,24,0,9,4
Just The Way You Are,Bruno Mars,2010-01-01,21106,220.734,1641426668,109,F,Major,63,46,85,1,0,9,5
Take Me To Church,Hozier,2013-09-13,23804,241.693,2135158446,129,E,Minor,57,41,66,63,0,12,5
Bebe Dame,"Fuerza Regida, Grupo Frontera",2022-12-16,849,271.861,367316268,157,G,Major,54,75,60,30,0,7,5
You Belong With Me (Taylors Ve),Taylor Swift,2021-04-09,2619,231.124,350381515,130,F#,Major,63,49,73,5,0,9,3
Titi Me Pregunto,Bad Bunny,2022-05-06,9037,243.716,1264310836,107,F,Minor,65,19,72,10,0,13,25
Better Than Revenge (Taylor's Version),Taylor Swift,2023-07-07,86,220.306,30343206,146,B,Minor,50,67,89,0,0,19,8
Shut up My Moms Calling,Hotel Ugly,2020-02-10,1788,164.571,405136812,139,A,Minor,48,37,41,32,0,10,10
Have You Ever Seen The Rain?,Creedence Clearwater Revival,1968-07-01,15890,160.133,1145727611,116,D,Major,74,76,70,7,0,13,3
Es un Secreto,Plan B,2010-07-20,492,190.56,540654286,95,F#,Minor,84,52,77,12,0,7,4
POLARIS - Remix,"Feid, Mora, Saiko, Quevedo",2023-06-08,773,288.0,57312735,170,G#,Minor,62,55,80,15,0,37,7
Ditto,NewJeans,2022-12-19,1154,185.506,397582059,134,F#,Minor,81,18,64,3,0,10,11
Take On Me,a-ha,1984-10-19,44927,225.28,1479115056,84,F#,Minor,57,86,90,2,0,9,5
"Annihilate (Spider-Man: Across the Spider-Verse) (Metro Boomin & Swae Lee, Lil Wayne, Offset)","Swae Lee, Lil Wayne, Offset, Metro Boomin",2023-06-02,551,231.746,86773632,146,B,Minor,61,20,48,21,0,12,6
"Angel Pt 1 (feat. Jimin of BTS, JVKE & Muni Long)","Kodak Black, NLE Choppa, Muni Long, JVKE, Jimin",2023-05-01,577,175.802,133753727,74,A#,Minor,53,24,67,11,0,10,28
AMG,"Natanael Cano, Gabito Ballesteros, Peso Pluma",2022-11-24,995,174.942,463564958,136,B,Minor,77,79,73,15,0,27,10
"Phir Aur Kya Chahiye (From ""Zara Hatke Zara Bachke"")","Arijit Singh, Sachin-Jigar, Amitabha Bhattacharya",2023-05-15,178,266.075,64533040,100,E,Major,56,53,55,53,0,12,4
S-Class,Stray Kids,2023-06-02,290,195.688,65496046,105,F,Minor,89,67,78,9,0,7,33
Hits Different,Taylor Swift,2023-05-26,547,234.466,68616963,106,F,Major,67,24,78,15,0,30,4
Chanel,"Becky G, Peso Pluma",2023-03-30,681,201.993,161460990,132,D,Major,85,53,68,40,0,9,4
Self Love (Spider-Man: Across the Spider-Verse) (Metro Boomin & Coi Leray),"Metro Boomin, Coi Leray",2023-06-02,332,189.466,70106975,120,A,Major,78,5,30,21,0,13,5
Area Codes,"Kaliii, Kaliii",2023-03-17,1197,139.325,113509496,155,C#,Major,82,51,39,2,0,9,49
Abcdario,"Junior H, Eden Muï¿½ï",2023-05-13,262,220.65,89933133,129,G#,Major,70,42,43,78,0,11,3
Obsessed,"Abhijay Sharma, Riar Saab",2022-09-29,161,196.892,71007139,135,F,Minor,80,85,74,62,0,8,9
FLOWER,JISOO,2023-03-31,839,173.134,232896922,124,A,Minor,84,64,39,3,0,11,4
"All The Way Live (Spider-Man: Across the Spider-Verse) (Metro Boomin & Future, Lil Uzi Vert)","Future, Lil Uzi Vert, Metro Boomin",2023-06-02,259,245.24,37126685,135,A,Minor,77,28,55,18,0,22,15
Eyes Closed,Ed Sheeran,2023-03-23,2915,194.848,195576623,107,D,Major,78,39,53,30,0,11,6
Escapism.,"RAYE, 070 Shake",2022-10-12,5129,272.373,532336353,96,D,Major,54,25,74,14,0,9,11
La Jumpa,"Arcangel, Bad Bunny",2022-11-30,3794,255.693,538115192,123,G#,Major,71,58,70,30,0,32,19
Karma (feat. Ice Spice),"Taylor Swift, Ice Spice",2023-05-26,588,201.493,46142772,90,G#,Major,62,7,62,6,0,58,6
Superhero (Heroes & Villains) [with Future & Chris Brown],"Future, Chris Brown, Metro Boomin",2022-12-02,2959,182.666,401036314,117,F,Minor,72,45,59,14,0,20,21
Las Morras,"BLESSD, Peso Pluma",2023-04-04,291,155.55,127026613,133,A,Minor,78,90,84,31,0,7,4
CHORRITO PA LAS ANIMAS,Feid,2022-12-02,2321,168.133,345031710,96,G#,Minor,74,61,83,11,0,35,6
Ch y la Pizza,"Fuerza Regida, Natanael Cano",2022-12-01,536,136.913,288101651,149,G#,Major,66,85,60,40,0,14,13
Snow On The Beach (feat. More Lana Del Rey),"Lana Del Rey, Taylor Swift",2023-05-26,359,229.942,60350538,110,F#,Minor,66,32,40,81,0,11,3
Players,Coi Leray,2022-11-30,4096,139.56,335074782,105,F#,Major,95,62,52,3,0,5,16
Bite Me,ENHYPEN,2023-05-22,349,157.531,76767396,105,C#,Major,80,69,78,28,0,11,14
Stand By Me (feat. Morgan Wallen),"Lil Durk, Morgan Wallen",2023-05-26,381,219.173,46065667,134,B,Major,76,61,58,6,0,16,3
Normal,Feid,2022-07-08,2461,171.88,459276435,170,E,Minor,71,59,56,4,0,27,12
Hummingbird (Metro Boomin & James Blake),"James Blake, Metro Boomin",2023-06-02,277,319.493,39666245,81,F#,Major,59,26,60,46,1,25,13
Seu Brilho Sumiu - Ao Vivo,"Israel & Rodolffo, Mari Fernandez",2023-03-01,967,168.84,138517666,154,F#,Major,63,75,92,31,0,91,5
Bad Habit,Steve Lacy,2022-06-29,8186,232.066,822633917,169,C#,Major,69,69,51,63,0,38,4
CUFF IT,Beyoncï¿,2022-07-29,7842,206.4995,595900742,115,G,Major,78,64,69,4,0,7,14
Lilith (feat. SUGA of BTS) (Diablo IV Anthem),"Halsey, Suga",2023-06-05,215,180.933,51985779,84,A,Minor,43,14,74,1,0,19,8
69,"Nicky Jam, Feid",2023-05-18,1134,226.5225,57945987,93,G#,Major,79,58,62,11,0,11,23
Search & Rescue,Drake,2023-04-07,2066,272.112,175097833,142,A#,Minor,82,54,44,6,0,33,7
AMERICA HAS A PROBLEM (feat. Kendrick Lamar),"Kendrick Lamar, Beyoncï¿",2023-05-19,896,260.962,57089066,126,C#,Major,78,20,70,1,0,16,4
Lavender Haze,Taylor Swift,2022-10-21,3763,202.395,488386797,97,A#,Major,73,10,44,26,0,16,8
"Link Up (Metro Boomin & Don Toliver, Wizkid feat. BEAM & Toian) - Spider-Verse Remix (Spider-Man: Across the Spider-Verse )","WizKid, Toian, Metro Boomin, Don Toliver, Beam",2023-06-02,197,195.386,32761689,101,F,Major,92,59,51,41,51,26,8
Efecto,Bad Bunny,2022-05-06,4004,213.061,1047480053,98,G,Minor,80,23,48,14,0,6,5
Erro Gostoso - Ao Vivo,Simone Mendes,2023-01-27,984,178.811,153454328,154,F#,Major,59,63,89,18,0,80,9
Cupido,Tini,2023-02-14,1240,151.3505,217672943,120,A,Major,91,63,58,52,0,31,22
Just Wanna Rock,Lil Uzi Vert,2022-10-17,3995,123.89,457184829,150,B,Major,49,4,55,7,0,6,3
Unstoppable,Sia,2016-01-21,7681,217.746,939844851,174,A,Major,47,27,78,11,0,10,8
Until I Found You,Stephen Sanchez,2021-09-01,4427,177.72,726434358,202,A#,Major,34,25,51,69,0,18,4
Rich Flex,"Drake, 21 Savage",2022-11-04,4657,239.359,573633020,153,B,Minor,56,42,52,5,0,36,24
Easy On Me,Adele,2021-10-14,10195,224.694,1406111294,142,F,Major,60,13,37,58,0,13,3
Danger (Spider) (Offset & JID),"Offset, JID",2023-06-02,214,205.266,24975653,143,B,Major,83,25,69,4,0,23,12
The Real Slim Shady,Eminem,2000-01-01,20763,284.2,1424589568,104,F,Minor,95,78,66,3,0,4,6
MERCHO,"Migrantes, LiL CaKe, Nico Valdi",2022-12-16,1267,161.451,231332117,93,F#,Minor,84,96,79,43,0,18,11
The Color Violet,Tory Lanez,2021-12-10,2585,226.466,415932686,105,F#,Minor,65,46,53,16,0,9,5
Glimpse of Us,Joji,2022-06-10,6330,233.456,988515741,170,G#,Major,44,27,32,89,0,14,5
Mejor Que Yo,"Mambo Kingz, DJ Luian, Anuel Aa",2023-05-04,675,242.696,50847624,178,C#,Minor,62,56,66,18,0,12,5
Curtains,Ed Sheeran,2023-05-05,715,224.803,39893489,176,F#,Minor,50,44,76,10,0,32,5
UNFORGIVEN (feat. Nile Rodgers),"Nile Rodgers, LE SSERAFIM",2023-05-01,327,182.148,92035115,104,E,Minor,80,38,88,11,0,11,5
Haegeum,Agust D,2023-04-21,244,168.926,118810253,85,G,Major,70,83,84,31,0,47,30
MIENTRAS ME CURO DEL CORA,Karol G,2023-02-24,1020,164.546,206399629,80,D,Major,52,57,48,86,0,15,39
Never Felt So Alone,Labrinth,2023-04-07,1730,160.166,117747907,98,F,Major,44,36,41,50,0,38,5
X SI VOLVEMOS,"Karol G, Romeo Santos",2023-02-02,2127,200.12,266624541,178,C#,Minor,79,58,78,34,0,11,25
ceilings,Lizzy McAlpine,2022-04-08,3242,182.887,293186992,148,A,Major,51,27,33,48,0,22,3
Cupid,Fifty Fifty,2023-02-24,526,183.37,139681964,120,D,Major,77,94,66,65,0,38,3
I AM,IVE,2023-04-10,366,183.853,123132751,122,E,Minor,68,38,88,1,0,8,5
Shorty Party,"Cartel De Santa, La Kelly",2023-03-04,432,265.0,162887075,96,D,Major,93,47,47,33,0,10,36
Super,SEVENTEEN,2023-04-24,271,200.029,91221625,137,G#,Major,77,35,88,16,0,17,9
Slut Me Out,NLE Choppa,2022-04-22,816,135.058,190490915,121,F#,Minor,94,71,61,12,0,53,42
Double Fantasy (with Future),"The Weeknd, Future",2023-04-21,1169,268.235,96180277,119,A,Minor,60,10,57,1,0,50,3
All Of The Girls You Loved Before,Taylor Swift,2019-08-23,1282,221.407,185240616,96,D,Major,72,40,47,71,0,13,4
PROVENZA,Karol G,2022-04-21,6587,196.76600000000002,885093467,111,C#,Major,87,53,52,66,1,11,5
Princess Diana (with Nicki Minaj),"Nicki Minaj, Ice Spice",2023-04-14,1444,172.125,104992946,148,A,Major,90,74,68,14,0,10,19
Di Que Si,"Grupo Marca Registrada, Grupo Frontera",2023-02-03,356,190.553,147290338,182,A,Major,57,80,59,8,0,6,5
Shivers,Ed Sheeran,2021-09-09,10147,207.853,1302184087,141,D,Major,79,82,86,28,0,4,9
Igualito a Mi Apï¿,"Fuerza Regida, Peso Pluma",2022-12-30,265,166.821,158950978,145,E,Minor,76,80,81,19,0,6,9
Shoong! (feat. LISA of BLACKPINK),"TAEYANG, Lisa",2023-04-25,351,205.101,76910644,110,B,Minor,76,26,70,1,0,41,6
Komang,Raim Laode,2022-08-16,158,222.706,137123880,134,G,Major,70,35,41,41,0,10,3
DESPECHA,ROSALIA,2022-07-28,7613,178.481,782369383,130,G,Major,92,78,62,18,0,6,10
Made You Look,Meghan Trainor,2022-10-21,3956,134.256,502574952,145,A#,Major,84,88,53,35,0,8,7
Watch This - ARIZONATEARS Pluggnb Remix,"sped up nightcore, ARIZONATEARS, Lil Uzi Vert",2023-02-05,1638,163.139,207033255,130,B,Minor,69,36,90,1,10,15,4
No Se Va,Grupo Frontera,2022-04-28,924,194.019,404887295,173,B,Major,59,69,53,12,0,23,3
Punto G,Quevedo,2022-11-04,1985,151.324,381161027,92,B,Minor,75,55,76,25,0,10,15
Lovers Rock,TV Girl,2014-06-05,6339,213.92,466231982,105,F,Minor,56,57,87,0,1,10,4
METAMORPHOSIS,INTERWORLD,2021-11-25,1561,142.839,357580552,175,G,Minor,59,15,64,43,90,12,10
Mami Chula,"Quevedo, Jhayco",2023-04-27,875,216.84,61105704,120,G,Minor,80,33,70,22,0,9,4
En Paris,"El Chachito, Junior H",2022-12-24,406,162.795,198275403,139,D#,Minor,70,77,48,37,0,12,5
Set Me Free Pt.2,Jimin,2023-03-17,340,200.929,168448603,132,A#,Minor,59,56,82,12,0,12,6
I Was Never There,"The Weeknd, Gesaffelstein",2018-03-29,4188,241.066,705469769,114,A#,Major,32,17,74,14,0,17,3
Don't ever say love me (feat. RM of BTS),"RM, Colde",2023-05-04,105,214.933,34502215,145,B,Minor,54,19,48,36,0,37,5
Shut Down,BLACKPINK,2022-09-16,1524,175.889,482175240,110,A,Major,82,67,69,0,0,18,4
Gato de Noche,"Nengo Flow, Bad Bunny",2022-12-22,2651,227.013,304118600,94,G#,Major,89,61,66,17,0,36,16
Call Out My Name,The Weeknd,2018-03-29,11087,228.373,1449799467,134,C#,Major,45,17,60,21,0,33,4
Like Crazy (English Version),Jimin,2023-03-24,373,212.253,173627354,120,G,Major,62,32,76,0,0,39,4
Rosa Pastel,"Jasiel Nuñez, Peso P",2023-02-02,200,204.253,90025258,123,G,Minor,70,86,68,24,0,11,4
Sunroof,"Nicky Youre, Dazy",2021-12-03,3741,163.025,652704649,131,A#,Major,77,84,71,35,0,15,4
Lose Yourself - Soundtrack Version,Eminem,2002-01-01,32502,326.466,1829992958,171,D,Major,70,6,73,1,0,36,26
Superman,"Eminem, Dina Rae",2002-05-26,7615,350.32,655466831,130,E,Minor,80,64,76,2,0,20,6
Mas Rica Que Ayer,"Mambo Kingz, DJ Luian, Anuel Aa",2023-03-02,1208,199.148,146409671,94,B,Major,82,53,67,34,0,9,8
People Pt.2 (feat. IU),"IU, Agust D",2023-04-07,209,213.995,95816024,89,G,Minor,73,44,57,39,0,32,6
REMIX EXCLUSIVO,Feid,2023-03-17,1235,206.946,117206995,87,F,Minor,65,71,56,4,0,15,20
"Arcangel: Bzrp Music Sessions, Vol","Arcangel, Bizarrap",2023-03-22,654,223.019,100409613,124,B,Minor,72,79,78,55,0,15,30
DOGTOOTH,"Tyler, The Creator",2023-03-27,1479,227.937,80758350,78,G#,Major,71,80,65,51,0,22,32
10:35,"Tiesto, Tate M",2022-11-01,4942,232.85500000000002,325592432,120,G#,Major,70,70,79,7,0,18,10
SORRY NOT SORRY,"Tyler, The Creator",2023-03-31,709,237.773,58473276,96,F#,Minor,48,50,80,40,0,37,20
HAPPY,NF,2023-03-25,660,242.691,52722996,106,G,Major,73,22,86,31,0,12,4
La Bebe,Yng Lvcas,2021-12-24,489,234.352,191945597,170,D,Minor,78,75,46,62,0,12,35
I Know - PR1SVX Edit,"Kanii, PR1ISVX",2023-03-24,407,133.829,77377503,134,B,Minor,67,11,76,8,47,30,7
Late Night Talking,Harry Styles,2022-05-20,7461,177.954,743693613,115,A#,Major,71,90,73,30,0,11,5
Save Your Tears (with Ariana Grande) (Remix),"Ariana Grande, The Weeknd",2020-03-20,9161,191.013,1221813483,118,E,Major,65,63,79,3,0,10,3
Something in the Orange,Zach Bryan,2022-04-22,3282,228.013,449701773,110,G,Major,59,22,38,42,0,12,3
VOID,Melanie Martinez,2023-03-29,596,247.873,67070410,100,A,Major,72,42,66,18,4,19,4
Dijeron Que No La Iba Lograr,"Fuerza Regida, Chino Pacas",2023-03-14,320,113.019,116334601,142,G,Minor,70,76,79,26,0,11,7
Midnight Rain,Taylor Swift,2022-10-21,2612,174.782,433356509,140,G,Major,64,18,37,72,0,12,7
If We Ever Broke Up,Mae Stephens,2023-02-10,2040,142.758,165584767,116,G,Major,90,96,73,62,0,9,4
You Proof,Morgan Wallen,2022-05-13,2128,157.477,367814306,120,A,Major,73,64,85,25,0,61,3
LA INOCENTE,"Feid, Mora",2022-04-01,2598,202.173,477033549,92,F,Minor,76,46,79,31,0,7,6
Malas Decisiones,Kenia OS,2022-10-26,542,139.146,156214700,110,G#,Minor,81,64,79,5,0,31,3
Murder In My Mind,Kordhell,2022-01-21,2459,145.0,448843705,120,A#,Major,71,57,97,1,0,13,11
Gangsta's Paradise,"Coolio, L.V.",1995-07-11,10624,240.693,1357608774,80,G#,Major,63,40,61,9,0,56,6
CAIRO,"Karol G, Ovy On The Drums",2022-11-13,2418,198.666,294352144,115,F,Minor,95,43,69,47,0,9,31
I Love You So,The Walters,2014-11-28,7536,160.239,972164968,76,A#,Major,58,46,67,65,0,13,4
Dark Red,Steve Lacy,2017-02-20,10431,173.104,920045682,172,F#,Major,60,77,78,45,0,12,6
Say You Won't Let Go,James Arthur,2016-09-09,15722,211.466,2420461338,99,A#,Major,40,45,56,69,0,9,5
The Hills,The Weeknd,2015-05-27,25744,242.253,1947371785,136,G,Minor,36,12,57,9,0,14,8
Heart To Heart,Mac DeMarco,2019-05-10,1640,211.14,244658767,150,G#,Minor,90,64,14,67,35,11,10
Peaches (from The Super Mario Bros. Movie),Jack Black,2023-04-07,34,95.44,68216992,92,A#,Minor,71,41,31,79,0,10,5
Marisola - Remix,"Duki, NICKI NICOLE, Cris Mj, Standly, Stars Music Chile",2022-12-15,1845,237.473,223582566,95,C#,Major,77,72,87,17,0,7,5
LOKERA,"Brray, Rauw Alejandro, Lyanno",2022-07-25,3301,197.101,471819764,102,B,Minor,83,58,83,21,0,10,5
Low,SZA,2022-12-09,1911,192.3105,272377463,145,C#,Minor,70,34,55,43,0,16,6
Numb,Linkin Park,2003-03-24,20111,187.52,1361425037,110,A,Major,50,24,86,0,0,64,4
Tormenta (feat. Bad Bunny),"Gorillaz, Bad Bunny",2023-02-24,1529,193.463,149778242,95,C#,Major,64,30,77,46,0,38,6
on the street (with J. Cole),"j-hope, J. Cole",2023-03-03,615,214.701,116599790,94,B,Minor,68,81,82,53,0,9,13
One Thing At A Time,Morgan Wallen,2022-12-02,811,206.864,148469433,142,G,Major,61,92,91,0,0,26,3
Miss You,"Robin Schulz, Oliver Tree",2022-08-05,5730,206.0,497225336,145,F#,Minor,59,20,74,1,0,15,5
Private Landing (feat. Justin Bieber & Future),"Don Toliver, Future, Justin Bieber",2023-02-23,1190,238.253,105062254,137,C#,Minor,84,44,67,8,0,11,6
Everything I Love,Morgan Wallen,2023-01-31,579,187.047,95623148,104,G#,Major,56,72,85,0,0,15,3
Heaven,Niall Horan,2023-02-17,1553,180.6465,144584800,92,F,Major,57,68,76,7,0,33,3
LET GO,Central Cee,2022-12-15,2301,174.246,298063749,146,D,Minor,74,51,45,86,0,21,38
Sial,Mahalini,2023-01-23,134,178.006,166570053,120,D,Major,56,20,43,89,0,12,4
I Wrote The Book,Morgan Wallen,2023-01-31,430,181.766,83021468,144,D,Major,68,83,81,9,0,8,4
"Apna Bana Le (From ""Bhediya"")","Arijit Singh, Sachin-Jigar",2022-11-05,86,261.702,139836056,94,A,Major,59,44,56,80,0,6,3
SPIT IN MY FACE!,ThxSoMch,2022-10-31,629,147.874,303216294,94,G#,Major,73,65,79,5,2,11,6
Man Made A Bar (feat. Eric Church),"Morgan Wallen, Eric Church",2023-03-03,329,191.231,58890931,148,E,Major,50,49,76,12,0,12,3
Red Ruby Da Sleeze,Nicki Minaj,2023-03-03,1168,214.445,81419389,98,C#,Major,70,29,73,12,0,11,26
Kahani Suno 2.0,Kaifi Khalil,2022-05-31,162,173.637,156777415,140,B,Major,58,26,38,91,0,10,4
Nobody Gets Me,SZA,2022-12-09,2536,180.853,284908316,100,G,Major,36,28,28,81,0,18,3
Hype Boy,NewJeans,2022-08-01,892,179.026,363472647,100,E,Minor,59,78,94,27,0,29,23
Bloody Mary,Lady Gaga,2011-01-01,3909,244.76,372476382,100,A,Minor,59,49,65,2,0,13,3
Monotonia,"Ozuna, Shakira",2022-10-19,3645,158.804,380726517,132,F#,Minor,87,82,70,42,0,21,5
WANDA,Quevedo,2023-01-20,888,160.909,175399345,176,E,Minor,72,96,63,25,0,21,7
Thought You Should Know,Morgan Wallen,2022-05-06,968,215.571,203221468,140,F#,Major,53,51,70,49,0,14,3
In The End,Linkin Park,2000-10-24,25065,216.88,1624165576,105,D#,Minor,55,40,90,1,0,32,6
Zona De Perigo,Leo Santana,2022-12-08,531,142.151,134294498,135,F,Major,81,97,77,75,0,35,3
Lovezinho,Treyce,2022-07-28,242,167.4955,70069745,128,E,Minor,82,61,59,30,0,12,4
I Like You (A Happier Song) (with Doja Cat),"Post Malone, Doja Cat",2022-06-03,5281,192.84,609293408,101,F,Major,74,43,69,12,0,12,7
Neverita,Bad Bunny,2022-05-06,2590,173.119,671365962,122,A#,Major,88,43,50,7,0,14,5
Vista Al Mar,Quevedo,2022-09-08,1769,180.672,362361576,105,D,Minor,76,49,56,80,12,10,13
Enemy (with JID) - from the series Arcane League of Legends,"Imagine Dragons, League of Legends, JID, Arcane",2021-09-03,6180,173.381,1223481149,77,B,Minor,72,59,76,24,0,42,28
Revenge,XXXTENTACION,2017-08-25,3600,120.058,1022258230,140,B,Minor,75,18,25,78,0,11,26
Bombonzinho - Ao Vivo,"Israel & Rodolffo, Ana Castela",2022-11-03,1254,154.701,263453310,158,C#,Major,65,72,95,31,0,92,5
LA CANCION,"J Balvin, Bad Bunny",2019-06-28,6398,242.573,1435127549,176,G,Major,75,43,65,15,0,11,32
Love Again,The Kid Laroi,2023-01-27,1283,301.7995,147538971,107,B,Minor,66,47,40,72,0,11,3
After Hours,The Weeknd,2020-02-19,8084,361.026,698086140,109,F,Minor,66,16,57,10,1,12,3
About Damn Time,Lizzo,2022-07-15,2332,191.937,723894473,109,A#,Minor,84,72,74,10,0,34,7
Born With A Beer In My Hand,Morgan Wallen,2023-03-03,203,188.523,34450974,148,F#,Major,53,61,81,5,0,36,4
Besos Moja2,"Wisin & Yandel, ROSALï¿½",2022-09-29,2460,229.064,309483971,94,F,Minor,74,64,73,6,0,10,6
Maan Meri Jaan,King,2022-10-12,288,194.653,319566866,96,F#,Minor,70,40,51,35,0,10,4
Moscow Mule,Bad Bunny,2022-05-06,4572,245.939,909001996,100,F,Minor,80,29,67,29,0,12,3
My Universe,"Coldplay, BTS",2021-09-24,6127,228.0,1061966512,105,A,Major,58,42,68,1,0,14,4
LLYLM,ROSALIA,2023-01-27,1838,228.80200000000002,124988687,170,F#,Minor,56,56,63,13,0,19,27
I'm Not Here To Make Friends,"Sam Smith, Calvin Harris, Jessie Reyez",2023-01-27,1890,229.604,103787664,115,F#,Major,70,84,90,17,0,41,6
TRUSTFALL,P!nk,2023-01-27,2098,237.2,134255790,122,G#,Major,64,25,89,0,0,15,9
ANTIFRAGILE,LE SSERAFIM,2022-10-17,761,184.444,301051721,105,A#,Minor,88,82,80,8,0,11,8
Boy's a liar,PinkPantheress,2022-11-30,1225,131.253,156338624,133,F,Major,66,74,84,25,0,21,4
VIBE (feat. Jimin of BTS),"TAEYANG, Jimin",2023-01-13,415,175.775,152850295,100,G#,Major,79,60,68,7,0,26,4
Shirt,SZA,2022-10-28,3469,181.84,309653982,120,D#,Minor,82,55,45,15,3,9,10
Lift Me Up - From Black Panther: Wakanda Forever - Music From and Inspired By,Rihanna,2022-10-28,3311,196.519,297328960,177,A,Major,25,17,30,90,0,13,3
STAR WALKIN' (League of Legends Worlds Anthem),Lil Nas X,2022-09-22,2616,210.575,332506354,142,D,Minor,64,31,72,15,0,9,5
"Sex, Drugs, Etc.",Beach Weather,2016-11-04,3006,196.784,480507035,144,E,Minor,57,47,84,1,1,52,4
Boy With Luv (feat. Halsey),"Halsey, BTS",2019-04-12,4260,229.773,1065580332,120,B,Minor,65,80,86,9,0,19,10
"Hey, Mickey!",Baby Tate,2016-09-27,482,173.532,122763672,135,D,Major,92,73,51,55,0,15,6
Calm Down,Rï¿½ï,2022-02-09,4013,190.848,445763624,107,B,Major,81,82,78,38,0,12,4
Jhoome Jo Pathaan,"Arijit Singh, Vishal Dadlani, Sukriti Kakar, Vishal-Shekhar, Shekhar Ravjiani, Kumaar",2022-12-22,138,208.164,1365184,105,G,Major,82,62,74,10,0,33,7
Escapism. - Sped Up,"RAYE, 070 Shake",2022-11-25,1368,239.888,184308753,108,F#,Minor,44,38,77,9,0,9,20
Space Song,Beach House,2015-01-01,17852,320.466,789753877,147,D,Minor,51,62,79,22,13,14,3
Dreamers [Music from the FIFA World Cup Qatar 2022 Official Soundtrack],"BTS, Jung Kook, FIFA Sound",2022-11-20,889,201.391,323358833,115,A,Major,71,34,88,16,0,44,4
Te Felicito,"Shakira, Rauw Alejandro",2022-04-21,4796,172.235,606361689,174,F,Major,70,57,64,23,0,8,32
TV,Billie Eilish,2022-07-21,3009,281.38,338564981,141,E,Minor,41,9,25,84,1,14,4
I'm Not The Only One,Sam Smith,2014-01-01,17492,239.316,1606986953,82,F,Major,68,50,49,56,0,8,4
Heather,Conan Gray,2020-03-20,6170,198.04,1301799902,92,F,Major,47,25,43,62,0,32,3
"Besharam Rang (From ""Pathaan"")","Vishal-Shekhar, Shilpa Rao, Caralisa Monteiro, Kumaar, Vishal Dadlani, Shekhar Ravjiani",2022-12-12,130,258.472,140187018,116,G#,Minor,77,65,80,6,0,15,4
One Kiss (with Dua Lipa),"Calvin Harris, Dua Lipa",2017-06-02,27705,214.846,1897517891,124,A,Minor,79,59,86,4,0,8,11
Sugar Rush Ride,TOMORROW X TOGETHER,2023-01-27,359,186.57,107642809,125,A#,Minor,71,83,89,1,0,17,9
Pink Venom,BLACKPINK,2022-08-19,1963,186.964,551305895,90,F#,Major,80,71,69,2,0,27,10
WAIT FOR U (feat. Drake & Tems),"Drake, Future, Tems",2022-04-27,5491,189.893,556585270,83,C#,Major,46,34,64,31,0,7,34
Don't Start Now,Dua Lipa,2019-10-31,27119,183.29,2303033973,124,B,Minor,79,68,79,1,0,10,8
After Dark,Mr.Kitty,2014-08-08,1776,259.146,646886885,140,G#,Major,58,4,60,7,41,8,3
Eu Gosto Assim - Ao Vivo,"Gustavo Mioto, Mari Fernandez",2022-09-16,1473,148.8,222612678,154,E,Major,64,61,91,15,0,72,4
INDUSTRY BABY (feat. Jack Harlow),"Jack Harlow, Lil Nas X",2021-07-23,13315,212.0,1814349763,150,D#,Minor,74,89,70,2,0,5,6
MIDDLE OF THE NIGHT,Elley Duhï¿,2020-01-10,4057,220.5865,872137015,186,E,Minor,41,9,61,2,0,12,5
Atlantis,Seafret,2015-04-22,3045,229.173,571386359,166,G#,Minor,40,23,48,5,0,12,3
PUNTO 40,"Baby Rasta, Rauw Alejandro",2022-09-22,3006,190.654,304079786,107,G#,Major,87,20,83,0,4,31,9
Evoque Prata,"DJ Escobar, MC MENOR SG, MC MENOR HR",2022-09-09,852,107.076,174006928,87,G,Major,87,52,52,31,0,28,24
How Do I Say Goodbye,Dean Lewis,2022-08-05,2163,163.603,284785823,82,G#,Major,40,39,64,21,0,7,7
Blind,SZA,2022-12-09,1484,150.72,163284000,114,A,Minor,46,60,28,91,0,21,4
Die For You,Joji,2022-11-04,1703,211.666,246390068,148,G#,Major,47,15,52,38,13,29,5
Doja,Central Cee,2022-07-20,4169,97.392,482257456,140,F#,Major,91,97,57,38,0,40,29
Gatita,Bellakath,2022-10-03,1054,153.062,168684524,101,G,Major,90,76,81,15,24,33,6
Rumble,"Skrillex, Flowdan, Fred again..",2022-01-17,2849,146.571,78489819,140,C#,Minor,81,6,84,5,23,6,6
Niagara Falls (Foot or 2) [with Travis Scott & 21 Savage],"Travis Scott, 21 Savage, Metro Boomin",2022-12-02,1602,207.306,195516622,88,G,Minor,49,24,66,19,0,18,29
Yonaguni,Bad Bunny,2021-06-04,9644,206.71,1260594497,180,C#,Major,64,44,65,28,0,14,12
Super Freaky Girl,Nicki Minaj,2022-08-12,4827,170.977,428685680,133,D,Major,95,91,89,6,0,31,24
Running Up That Hill (A Deal With God),Kate Bush,1985-09-16,21811,298.933,1024858327,108,A#,Minor,63,20,55,72,0,6,6
Dream On,Aerosmith,1973-01-05,168,267.596,838586769,80,F,Minor,39,24,43,39,0,23,3
Limbo,Freddie Dredd,2022-08-11,688,169.946,199386237,75,B,Minor,80,46,62,3,6,11,46
Where Are You Now,"Lost Frequencies, Calum Scott",2021-07-30,10565,148.197,972509632,121,F#,Minor,67,26,64,52,0,17,10
WORTH NOTHING,"Twisted, Oliver Tree",2022-09-28,1612,164.629,213438580,140,D,Minor,58,17,62,18,0,20,8
Bad Habits,Ed Sheeran,2020-09-03,12755,230.746,1555511105,126,B,Minor,81,59,90,5,0,36,3
KICK BACK,Kenshi Yonezu,2022-10-12,574,193.495,210038833,102,C#,Major,58,29,94,0,0,9,11
Good Days,SZA,2020-12-24,10426,279.204,826623384,121,C#,Minor,46,53,78,23,0,72,6
Levitating (feat. DaBaby),"Dua Lipa, DaBaby",2020-03-27,15894,203.064,1802514301,103,F#,Minor,70,92,83,1,0,7,6
Woman,Doja Cat,2021-06-25,9424,172.626,1329090101,108,F,Minor,82,88,76,9,0,12,9
Shut up My Moms Calling - (Sped Up),Hotel Ugly,2022-09-14,713,135.529,181831132,85,F,Minor,65,36,47,31,0,12,10
Ferrari,"James Hype, Miggy Dela Rosa",2022-03-14,7758,186.661,462791599,125,C#,Minor,84,70,69,1,0,5,5
"You're On Your Own, Kid",Taylor Swift,2022-10-21,2537,194.206,348647203,120,D,Major,69,40,39,41,0,13,6
"Kesariya (From ""Brahmastra"")","Pritam, Arijit Singh, Amitabh Bhattacharya",2022-07-17,292,268.164,366599607,94,G#,Major,58,44,57,57,0,10,3
Payphone,"Maroon 5, Wiz Khalifa",2012-01-01,14143,231.386,1479264469,110,E,Major,74,51,74,2,0,29,4
All I Want for Christmas Is You,Mariah Carey,1994-10-28,25653,241.106,1449779435,150,G,Major,34,33,63,16,0,7,4
Last Christmas,Wham!,1984-01-01,22153,262.96,1159176109,107,B,Minor,74,88,65,28,0,46,3
Rockin' Around The Christmas Tree,Brenda Lee,1958-01-01,14994,126.266,769213520,140,G#,Major,70,85,41,71,0,45,5
Jingle Bell Rock,Bobby Helms,1957-01-01,10326,130.973,741301563,119,D,Major,74,78,37,84,0,6,3
It's Beginning To Look A Lot Like Christmas,Michael Bublï¿,2011-10-14,12353,167.53300000000002,807561936,93,E,Major,35,38,23,91,0,29,3
Santa Tell Me,Ariana Grande,2013-12-13,9408,204.093,834129063,133,G,Major,46,53,63,5,0,30,18
It's the Most Wonderful Time of the Year,Andy Williams,1963-10-14,8879,151.933,663832097,202,G,Major,24,76,60,77,0,12,4
Let It Snow! Let It Snow! Let It Snow!,Dean Martin,1959-11-16,6512,117.146,446390129,134,C#,Major,45,72,24,91,0,18,4
Snowman,Sia,2017-01-01,5140,165.9,690104769,105,C#,Major,72,33,51,48,0,9,3
Underneath the Tree,Kelly Clarkson,2013-10-25,6596,229.64,485285717,160,G#,Major,51,69,81,0,0,21,5
Holly Jolly Christmas,Michael Bublï¿,2011-10-14,7655,206.293,476244795,151,G,Major,65,70,47,87,0,9,4
Mistletoe,Justin Bieber,2011-01-01,9577,182.946,629173063,162,F#,Minor,67,88,54,51,0,9,4
Sleigh Ride,The Ronettes,1963-11-22,10114,181.266,404664135,92,D,Major,53,84,77,40,0,32,3
Seek & Destroy,SZA,2022-12-09,1007,203.733,98709329,152,C#,Major,65,35,65,44,18,21,7
Love Language,SZA,2022-12-09,1127,183.893,110849052,65,A,Minor,71,55,26,85,0,13,8
Happy Xmas (War Is Over),"John Lennon, The Harlem Community Choir, The Plastic Ono Band, Yoko Ono",1971-12-01,10829,212.04,460492795,147,D,Major,33,39,61,32,0,77,3
Used (feat. Don Toliver),"SZA, Don Toliver",2022-12-08,1042,146.95,94005786,150,A#,Minor,73,71,69,53,0,32,9
A Holly Jolly Christmas - Single Version,Burl Ives,1952-01-01,7930,158.506,395591396,140,F#,Major,67,81,36,64,0,15,3
The Christmas Song (Merry Christmas To You) - Remastered 1999,Nat King Cole,1946-11-01,11500,192.16,389771964,139,C#,Major,36,22,15,84,0,11,4
Wonderful Christmastime - Edited Version / Remastered 2011,Paul McCartney,1979-11-16,1685,227.653,403939487,95,B,Major,75,74,58,36,0,9,3
Do They Know It's Christmas? - 1984 Version,Band Aid,1984-11-25,14169,222.533,481697415,115,F,Major,60,23,57,0,2,27,3
Ghost in the Machine (feat. Phoebe Bridgers),"SZA, Phoebe Bridgers",2022-12-09,1634,218.586,110073250,125,F#,Major,62,59,43,84,3,11,5
Special,SZA,2022-12-09,906,158.84,88092256,76,A,Major,60,19,20,78,0,11,5
Merry Christmas Everyone,Shakin' Stevens,1984-01-01,1087,220.16,351636786,101,C#,Minor,72,91,87,14,0,13,3
Let It Snow! Let It Snow! Let It Snow!,"Frank Sinatra, B. Swanson Quartet",1950-01-01,10585,155.586,473248298,143,D,Major,60,86,32,88,0,34,6
SOS,SZA,2022-12-09,827,201.8,73981293,119,G,Minor,51,51,66,67,0,9,23
Open Arms (feat. Travis Scott),"SZA, Travis Scott",2022-12-08,1420,239.613,155653938,78,A,Major,67,22,59,76,1,15,16
White Christmas,"Bing Crosby, John Scott Trotter & His Orchestra, Ken Darby Singers",1942-01-01,11940,183.613,395591396,96,A,Major,23,19,25,91,0,40,3
Driving Home for Christmas - 2019 Remaster,Chris Rea,1986-01-01,888,241.626,429504768,180,A,Major,51,87,58,36,0,18,4
Christmas (Baby Please Come Home),Darlene Love,1963-11-22,9122,166.453,242767149,126,D#,Major,34,35,76,39,0,8,5
Gone Girl,SZA,2022-12-09,892,244.026,65362788,150,F,Major,43,42,44,57,0,15,6
F2F,SZA,2022-12-09,989,185.04,67540165,90,D,Major,53,47,74,9,0,34,4
Notice Me,SZA,2022-12-09,819,160.92,62019074,160,F,Major,72,78,68,28,0,11,12
Merry Christmas,"Ed Sheeran, Elton John",2017-11-10,2209,208.546,135723538,114,D,Major,59,60,94,24,0,10,4
It's Beginning to Look a Lot Like Christmas (with Mitchell Ayres & His Orchestra),"Perry Como, The Fontane Sisters, Mitchell Ayres & His Orchestra",1958-01-01,6290,155.933,295998468,113,G,Major,73,72,32,77,0,15,5
My Only Wish (This Year),Britney Spears,2000-11-07,6952,255.4,261116938,147,A,Major,67,69,72,17,0,19,3
Antidepresan,"Mabel Matiz, Mert Demir",2022-11-04,313,240.125,136689549,100,B,Minor,70,92,59,3,0,10,3
Wild Flower (with youjeen),RM,2022-12-02,353,273.499,135611421,155,G#,Major,49,42,77,3,0,12,9
I Hate U,SZA,2021-12-03,4094,173.906,356709897,107,G,Minor,54,41,39,51,0,11,16
Raindrops (Insane) [with Travis Scott],"Travis Scott, Metro Boomin",2022-12-02,880,188.586,110649992,112,G#,Major,80,15,54,9,0,38,5
SPIT IN MY FACE!,ThxSoMch,2022-10-31,573,147.874,301869854,166,C#,Major,70,57,57,9,20,11,7
Deck The Hall - Remastered 1999,Nat King Cole,1959-01-01,3299,69.44,127027715,107,F#,Minor,69,96,36,81,0,8,4
Smoking on my Ex Pack,SZA,2022-12-09,811,83.826,57144458,81,G#,Major,47,33,68,24,0,22,38
Conceited,SZA,2022-12-09,899,169.97500000000002,56870689,150,C#,Major,79,77,46,5,0,11,7
Snow On The Beach (feat. Lana Del Rey),"Taylor Swift, Lana Del Rey",2022-10-21,2415,256.124,323437194,110,A,Major,66,19,32,69,0,12,4
Maroon,Taylor Swift,2022-10-21,2304,218.27,317726339,108,G,Major,64,4,40,6,0,10,6
Bejeweled,Taylor Swift,2022-10-21,2699,194.165,328207708,164,G,Major,70,39,56,6,0,9,7
Tarot,"Bad Bunny, Jhay Cortez",2022-05-06,2482,237.894,608228647,114,B,Minor,80,42,68,2,0,66,4
You Make It Feel Like Christmas (feat. Blake Shelton),"Gwen Stefani, Blake Shelton",2005-09-20,2577,156.773,180577478,93,F,Major,63,93,88,1,0,12,4
Desesperados,"Chencho Corleone, Rauw Alejandro",2021-06-25,6821,224.996,809306935,90,C#,Minor,87,51,69,36,0,9,8
Too Late,SZA,2022-12-08,714,164.426,49262961,128,B,Major,45,35,68,78,0,39,8
Party,"Bad Bunny, Rauw Alejandro",2022-05-06,3185,165.0795,614555082,97,A,Major,83,47,80,2,0,24,9
Run Rudolph Run - Single Version,Chuck Berry,1958-01-01,8612,165.733,245350949,152,G,Minor,69,94,71,79,0,7,8
Jingle Bells - Remastered 1999,Frank Sinatra,1957-01-01,4326,120.693,178660459,175,G#,Major,51,94,34,73,0,10,5
Far,SZA,2022-12-09,680,144.8065,51641685,116,D,Major,61,48,55,67,0,16,8
On Time (with John Legend),"John Legend, Metro Boomin",2022-12-02,398,168.92,78139948,80,F,Minor,33,51,59,76,0,44,6
Sacrifice,The Weeknd,2022-01-07,4440,188.918,326792833,122,G,Major,70,91,79,3,0,7,10
Is There Someone Else?,The Weeknd,2022-01-07,2881,199.111,391251368,135,A,Minor,70,60,58,4,0,16,3
Fingers Crossed,"Lauren Spencer Smith, Lauren Spencer Smith, Lauren Spencer Smith",2022-01-05,2235,175.344,349585590,109,F,Major,60,45,47,62,0,31,5
Out of Time,The Weeknd,2022-01-07,3711,214.193,339659802,93,C#,Minor,65,82,74,27,0,32,5
Do It To It,"Cherish, ACRAZE",2021-08-20,12403,157.89,674772936,125,B,Minor,85,64,81,2,5,7,9
We Don't Talk About Bruno,"Adassa, Mauro Castillo, Stephanie Beatriz, Encanto - Cast, Rhenzy Feliz, Diane Guerrero, Carolina Gaitan",2021-11-19,2785,216.12,432719968,206,A,Minor,58,83,45,36,0,11,8
Pepas,Farruko,2021-06-24,14114,287.12,1309887447,130,G,Major,76,44,77,1,0,13,3
How Do I Make You Love Me?,The Weeknd,2022-01-07,1915,214.214,119238316,121,G,Minor,80,62,51,2,0,9,8
Gasoline,The Weeknd,2022-01-07,2297,225.96699999999998,116903579,123,F#,Minor,74,35,73,0,0,21,5
Infinity,Jaymes Young,2017-06-23,4375,237.72,888046992,122,B,Minor,67,50,67,15,0,30,4
Less Than Zero,The Weeknd,2022-01-07,2800,211.814,200660871,143,D,Major,53,50,79,0,0,8,3
Take My Breath,The Weeknd,2021-08-06,2597,339.023,130655803,121,A#,Minor,70,35,77,1,0,26,4
good 4 u,Olivia Rodrigo,2021-05-14,15563,178.146,1887039593,166,F#,Minor,56,68,66,28,0,11,18
"Here We Go Again (feat. Tyler, the Cr","The Weeknd, Tyler, The Creator",2022-01-07,1420,209.777,88103848,135,C#,Major,41,27,64,36,0,60,3
Best Friends,The Weeknd,2022-01-07,1292,163.504,101114984,87,E,Minor,49,49,59,44,0,35,21
Kiss Me More (feat. SZA),"SZA, Doja Cat",2021-04-09,15867,208.866,1575467011,111,G#,Major,77,74,66,30,0,13,3
I Heard You're Married (feat. Lil Wayne),"The Weeknd, Lil Wayne",2022-01-07,1178,263.641,91656026,110,D,Major,75,85,84,10,0,31,19
Need To Know,Doja Cat,2021-06-11,6672,210.56,1042568408,130,C#,Major,66,19,61,30,0,9,7
MONTERO (Call Me By Your Name),Lil Nas X,2020-09-18,12329,137.875,1735441776,179,G#,Minor,61,76,51,30,0,38,15
love nwantiti (ah ah ah),Ckay,2019-07-26,5669,176.0445,726837877,93,F,Minor,74,53,73,61,0,13,4
Dawn FM,The Weeknd,2022-01-07,811,214.214,53933526,78,A,Minor,27,10,49,62,0,49,5
Surface Pressure,Jessica Darrow,2021-11-19,1756,202.226,267758538,180,D,Major,65,37,58,2,0,4,31
Starry Eyes,The Weeknd,2022-01-07,1014,148.0,74601456,86,A,Minor,28,13,41,50,0,19,3
THATS WHAT I WANT,Lil Nas X,2021-09-17,7963,143.901,920797189,88,C#,Minor,74,55,85,1,0,5,22
One Right Now (with The Weeknd),"The Weeknd, Post Malone",2021-11-05,4771,193.506,539595276,97,C#,Major,68,72,78,4,0,7,5
Mon Amour - Remix,"Aitana, zzoilo",2020-09-21,3221,179.94,578207856,116,D,Major,75,36,76,12,0,10,10
Lo Siento BB:/ (with Bad Bunny & Julieta Venegas),"Julieta Venegas, Bad Bunny, Tainy",2021-10-05,3423,207.301,775542072,170,E,Minor,64,14,70,9,0,9,8
MONEY,Lisa,2021-09-10,2566,237.83366666666666,863625566,140,C#,Minor,83,40,55,16,0,14,23
The Motto,"Tiesto, Ava",2021-11-04,9151,268.36633333333333,656013912,118,G,Minor,75,46,76,3,0,9,4
Happier Than Ever,Billie Eilish,2021-07-30,8476,298.899,1056760045,65,E,Major,31,31,24,76,0,14,4
Moth To A Flame (with The Weeknd),"The Weeknd, Swedish House Mafia",2021-10-22,7495,234.0,611994237,120,A#,Minor,56,16,67,0,0,11,4
traitor,"Juan Cruz Toledo, Huilen Toledo",2021-05-21,5257,201.03300000000002,1230855859,176,D#,Major,29,12,33,68,0,12,5
Toxic,BoyWithUke,2021-09-10,1795,168.066,582981380,180,G#,Minor,59,69,61,84,0,46,36
drivers license,Olivia Rodrigo,2021-01-08,12685,242.013,1858144199,144,A#,Major,59,21,43,76,0,10,7
All Too Well (10 Minute Version) (Taylor's Version) (From The Vault),Taylor Swift,2021-11-12,4635,613.026,583687007,93,F#,Major,63,21,52,28,0,9,3
Oh My God,Adele,2021-11-19,4431,225.148,466214729,88,C#,Major,53,55,73,9,0,3,5
Entre Nosotros (Remix) [con Nicki Nicole],"Lit Killah, Maria Becerra, Tiago pzk, NICKI NICOLE",2022-01-05,759,260.0,236940480,170,F,Minor,70,61,44,40,0,37,4
A Tale By Quincy,The Weeknd,2022-01-07,733,96.232,41924466,94,F,Minor,46,55,50,71,0,10,11
I AM WOMAN,Emmy Meli,2021-11-18,2795,232.813,225259194,170,A#,Major,65,46,47,12,0,13,16
Medallo,"Justin Quiles, Lenny Tavï¿½ï¿½rez, BL",2021-10-27,2780,233.453,393230256,90,E,Minor,79,79,70,57,0,66,8
It'll Be Okay,Shawn Mendes,2021-12-01,1950,222.8,287201015,78,G,Major,40,7,29,62,0,9,3
Softcore,The Neighbourhood,2018-03-09,3947,206.28,599770206,94,D,Major,57,36,58,5,0,15,3
Super Gremlin,Kodak Black,2021-10-30,2551,200.547,342779426,73,D,Major,83,11,41,0,0,36,14
Volvi,"Aventura, Bad Bunny",2021-08-03,5375,230.125,673801126,176,C#,Major,73,79,86,42,0,7,18
Todo De Ti,Rauw Alejandro,2020-11-02,11975,199.604,1168642797,128,D#,Minor,81,57,63,40,1,10,4
Love Nwantiti - Remix,"Ckay, AX'EL, Dj Yo!",2019-08-30,2696,188.368,540539717,120,G#,Major,58,44,60,44,9,5,6
Smokin Out The Window,"Bruno Mars, Anderson .Paak, Silk Sonic",2021-11-05,4963,197.442,383550148,82,D,Major,63,85,62,6,0,35,4
Meet Me At Our Spot,"THE ANXIETY, Willow, Tyler Cole",2020-03-13,6734,162.68,530511203,95,D,Major,77,40,47,2,0,9,3
Every Angel is Terrifying,The Weeknd,2022-01-07,715,167.255,37307967,118,F,Major,44,52,94,11,0,4,29
Tacones Rojos,Sebastian Yatra,2021-10-22,3047,189.32,510876816,123,B,Minor,75,93,86,8,0,14,3
Peaches (feat. Daniel Caesar & Giveon),"Justin Bieber, Daniel Caesar, Giveon",2021-03-19,14140,198.081,1445941661,90,D,Major,63,49,68,38,0,42,18
Dakiti,"Bad Bunny, Jhay Cortez",2020-10-30,11215,205.09,1763363713,110,E,Minor,73,14,57,40,0,11,5
"Tiago PZK: Bzrp Music Sessions, Vol. 48","Bizarrap, Tiago pzk",2021-12-29,1678,160.0,374191487,96,C#,Minor,66,76,82,47,0,10,32
Better Days (NEIKED x Mae Muller x Polo G),"NEIKED, Mae Muller, Polo G",2021-09-24,4091,160.656,421040617,110,C#,Minor,72,67,68,0,0,14,4
Life Goes On,Oliver Tree,2020-07-17,2868,161.803,501541661,80,C#,Major,70,57,49,19,0,12,8
Sad Girlz Luv Money Remix (feat. Kali Uchis),"Kali Uchis, Amaarae, Moliy",2021-09-16,3643,204.763,354065229,110,C#,Minor,86,31,53,43,0,11,6
Butter,BTS,2021-05-21,4779,164.441,1143647827,110,G#,Major,79,70,36,0,0,6,11
pushin P (feat. Young Thug),"Young Thug, Future, Gunna",2022-01-07,3517,136.266,311395144,78,C#,Minor,77,49,42,1,1,13,19
You Right,"Doja Cat, The Weeknd",2021-06-24,5073,186.173,672656250,129,G#,Major,83,44,62,2,0,8,6
deja vu,Olivia Rodrigo,2021-04-01,7545,215.506,1256880657,181,A,Major,44,22,60,61,0,42,9
Dynamite,BTS,2020-08-21,8528,199.053,1692897992,114,F#,Minor,75,74,77,1,0,9,10
TO THE MOON,Jnr Choi,2021-11-05,2979,200.57299999999998,245095641,144,D,Major,74,39,65,5,1,11,35
Lost in the Fire,"The Weeknd, Gesaffelstein",2019-01-11,7731,202.093,686734357,101,D,Major,66,18,68,9,0,12,4
Salimo de Noche,"Trueno, Tiago pzk",2021-10-21,1057,177.857,261414174,84,D,Major,67,78,63,29,0,12,5
Volando - Remix,"Sech, Bad Bunny, Mora",2021-07-08,3272,273.474,610045621,154,F#,Major,66,63,69,21,0,11,7
Leave The Door Open,"Bruno Mars, Anderson .Paak, Silk Sonic",2021-03-05,14417,242.096,1115880852,148,F,Major,59,72,62,18,0,9,3
Knife Talk (with 21 Savage ft. Project Pat),"Drake, Project Pat, 21 Savage",2021-09-03,5199,242.965,594482982,146,F,Minor,85,22,37,13,0,7,30
Don't Be Shy,"Tiï¿½ï¿½sto, Kar",2021-08-01,6026,208.8625,566954746,120,B,Minor,77,51,79,20,0,26,6
Love Grows (Where My Rosemary Goes),Edison Lighthouse,1970-01-01,2877,174.76,BPM110KeyAModeMajorDanceability53Valence75Energy69Acousticness7Instrumentalness0Liveness17Speechiness3,110,A,Major,53,75,69,7,0,17,3
LA FAMA (with The Weeknd),"The Weeknd, ROSALIA",2021-11-11,4640,215.9865,374706940,136,F,Minor,77,82,30,95,0,13,5
The Family Madrigal,"Olga Merediz, Stephanie Beatriz, Encanto - Cast",2021-11-19,1150,257.213,184937148,141,C#,Major,59,56,63,12,0,6,36
Phantom Regret by Jim,The Weeknd,2022-01-07,768,179.58,31959571,108,A,Minor,46,23,48,75,30,14,4
Dos Oruguitas,Sebastian Yatra,2021-11-19,925,214.613,167076418,94,A,Major,42,47,36,76,0,9,5
Freaks,Surf Curse,2015-05-10,3006,147.062,824420218,180,A,Major,35,41,94,0,63,5,5
Acapulco,Jason Derulo,2021-09-01,3098,139.672,363467642,122,A#,Major,77,51,79,5,0,16,5
Daddy Issues,The Neighbourhood,2015-10-30,9771,260.173,1127468248,85,A#,Major,59,33,52,7,15,12,3
thought i was playing,"21 Savage, Gunna",2022-01-07,807,167.84,60680939,148,C#,Major,68,29,73,0,0,7,7
ELEVEN,IVE,2021-12-01,521,178.453,247737946,120,A,Major,83,59,73,6,0,5,11
Mood (feat. Iann Dior),"24kgoldn, Iann Dior",2020-07-24,12854,178.9395,1699402402,91,G,Minor,70,76,72,22,0,27,4
What Else Can I Do?,"Stephanie Beatriz, Diane Guerrero",2021-11-19,802,179.426,154797871,120,E,Major,72,54,71,26,0,10,4
DANCE CRIP,Trueno,2021-11-17,731,165.019,198883004,106,E,Major,86,86,79,11,0,8,9
Miserable Man,David Kushner,2022-01-07,788,232.991,124407432,110,A#,Major,63,31,35,93,0,29,3
happier,Olivia Rodrigo,2021-05-21,3069,175.933,850608354,169,F#,Major,39,36,45,81,0,8,13
Praise God,Kanye West,2021-08-29,4651,226.652,376333030,118,C#,Major,80,21,55,1,0,26,17
Get Into It (Yuh),Doja Cat,2021-06-25,4999,138.293,516784627,92,G#,Minor,91,79,66,32,0,9,16
Before You Go,Lewis Capaldi,2019-11-01,8327,215.106,1608045237,112,D#,Major,45,19,60,63,0,9,6
Sky,Playboi Carti,2020-12-25,3297,193.234,506778838,140,D,Major,79,56,91,26,0,13,21
Rolling in the Deep,Adele,2010-11-29,35684,228.093,1472799873,105,G#,Major,73,52,76,13,0,5,3
Sobrio,Maluma,2021-07-08,3506,201.18,513643924,178,F,Major,76,63,77,14,0,15,22
Peru,"Ed Sheeran, Fireboy DML",2021-12-23,2999,187.111,261286503,108,G,Minor,96,71,42,57,0,8,9
favorite crime,Olivia Rodrigo,2021-05-21,3681,152.666,783706581,173,A,Major,40,19,29,86,0,34,4
Thunder,"Prezioso, Gabry Ponte, LUM!X",2021-05-07,4846,159.21866666666668,422691058,101,C#,Major,67,40,90,3,0,34,6
The Business,Tiï¿½ï¿,2020-01-01,14311,165.77133333333333,1062345656,120,G#,Minor,80,24,62,41,2,11,23
positions,Ariana Grande,2020-10-23,8207,172.324,1252563873,144,A,Major,73,66,80,44,0,9,12
I WANNA BE YOUR SLAVE,Mï¿½ï¿½ne,2021-03-19,4873,185.1885,851070493,133,C#,Major,75,96,61,0,0,18,4
The Feels,TWICE,2021-10-01,1150,198.053,345903614,120,A,Major,81,92,90,9,0,8,7
HEARTBREAK ANNIVERSARY,Giveon,2020-02-21,5398,196.794,951637566,129,F#,Major,61,59,46,56,0,13,5
No Lie,"Sean Paul, Dua Lipa",2016-11-18,7370,221.176,956865266,102,G,Major,74,45,89,5,0,26,13
OUT OUT (feat. Charli XCX & Saweetie),"Charli XCX, Jax Jones, Joel Corry, Saweetie",2021-08-13,6890,162.603,427486004,124,G#,Minor,79,79,84,2,0,5,5
Pope Is a Rockstar,SALES,2016-04-20,1966,187.333,156658366,90,E,Minor,73,31,45,85,24,11,3
2055,Sleepy hallow,2021-04-14,2226,184.13299999999998,624515457,161,F#,Minor,78,65,52,46,0,12,31
Bored,Billie Eilish,2017-03-30,4204,180.933,777765388,120,G,Major,60,11,33,90,0,8,5
Happier Than Ever - Edit,Billie Eilish,2021-07-28,1959,151.444,412795151,81,G,Major,45,12,57,7,0,23,3
Astronaut In The Ocean,Masked Wolf,2019-01-01,7191,132.78,1138474110,150,E,Minor,78,47,70,18,0,15,9
Ley Seca,"Anuel Aa, Jhay Cortez",2021-09-02,2012,174.233,355219175,105,G#,Major,76,58,84,10,0,13,10
Every Summertime,NIKI,2021-08-10,1211,215.686,290228626,79,F#,Major,63,76,67,38,0,6,4
Talking To The Moon,Bruno Mars,2010-10-04,7109,217.866,1062956628,146,C#,Minor,52,7,61,51,0,11,3
you broke me first,Tate McRae,2020-04-17,6638,170.226,1180094974,124,E,Major,64,8,37,79,0,9,5
The Nights,Avicii,2014-01-01,17354,176.658,1456081449,126,F#,Major,53,66,85,2,0,24,4
Take My Breath,The Weeknd,2021-08-06,6392,339.023,432702334,121,G#,Major,75,53,74,2,0,11,5
Way 2 Sexy (with Future & Young Thug),"Drake, Future, Young Thug",2021-09-03,5481,257.604,489945871,136,B,Minor,80,33,60,0,0,32,14
Enemy - from the series Arcane League of Legends,"Imagine Dragons, League of Legends, Arcane",2021-10-27,824,173.381,1223481149,77,G,Major,73,54,74,23,0,41,23
Dance Monkey,Tones and I,2019-05-10,24529,206.608,2864791672,98,F#,Minor,82,54,59,69,0,18,10
Lucid Dreams,Juice WRLD,2017-06-15,14749,239.835,2288695111,84,B,Minor,44,22,48,38,0,33,24
All of Me,John Legend,2013-08-01,27221,269.56,2086124197,120,G#,Major,42,33,26,92,0,13,3
Smells Like Teen Spirit - Remastered 2021,Nirvana,1991-09-10,49991,300.893,1690192927,117,C#,Major,52,73,91,0,0,11,7
Arcade,Duncan Laurence,2019-03-07,6646,183.624,991336132,72,A,Minor,45,27,33,82,0,14,4
Fair Trade (with Travis Scott),"Drake, Travis Scott",2021-09-03,5403,291.175,593917618,168,C#,Major,67,29,47,5,0,22,26
Bar,"Tini, L-Gante",2021-11-11,755,190.72,200972675,94,C#,Major,52,68,69,13,0,33,8
The Rumbling (TV Size),SiM,2022-01-10,254,90.265,71014967,145,G#,Major,41,65,88,0,0,26,5
family ties (with Kendrick Lamar),"Kendrick Lamar, Baby Keem",2021-08-27,6308,252.262,560222750,134,C#,Major,71,14,61,1,0,23,33
Mr. Brightside,The Killers,2003-09-23,51979,222.973,1806617704,148,C#,Major,35,24,93,0,0,10,8
Blessed-Cursed,ENHYPEN,2022-01-10,246,170.805,77337771,127,E,Minor,60,40,89,9,0,60,6
AM Remix,"J Balvin, Nio Garcia, Bad Bunny",2021-06-24,6556,261.334,528544703,172,F#,Minor,74,79,66,11,0,8,16
Streets,Doja Cat,2019-11-07,5728,226.986,865640097,90,B,Major,75,19,46,21,4,34,8
Shallow,"Lady Gaga, Bradley Cooper",2018-09-27,16636,215.733,2159346687,96,G,Major,57,30,40,38,0,26,3
Polaroid Love,ENHYPEN,2022-01-10,461,184.601,211372494,138,G,Minor,74,65,67,46,0,36,4
Leave Before You Love Me (with Jonas Brothers),"Marshmello, Jonas Brothers",2021-04-28,4893,154.983,651732901,120,G,Major,72,67,72,0,0,13,4
Permission to Dance,BTS,2021-07-09,1801,187.585,608334048,125,A,Major,70,65,74,1,0,34,4
Friday (feat. Mufasa & Hypeman) - Dopamine Re-Edit,"Riton, Nightcrawlers, Mufasa & Hypeman, Dopamine",2021-01-15,12043,169.153,863756573,123,D,Major,82,80,86,1,0,30,13
RAPSTAR,Polo G,2021-04-09,4731,165.925,797402345,81,F#,Major,79,44,54,41,0,13,24
'Till I Collapse,"Eminem, Nate Dogg",2002-05-26,22923,297.786,1695712020,171,C#,Major,55,10,85,7,0,8,20
Memories,Maroon 5,2019-09-20,9974,189.486,1759567999,91,B,Major,77,60,32,84,0,8,5
Se Le Ve,"Arcangel, De La Ghetto, Justin Quiles, Lenny Tavï¿½ï¿½rez, Sech, Dalex, Dimelo Flow, Rich Music",2021-08-12,1560,277.693,223319934,84,G,Minor,56,61,76,10,0,14,11
25k jacket (feat. Lil Baby),"Gunna, Lil Baby",2022-01-07,620,120.0,54937991,115,F,Minor,90,74,54,16,0,13,28
When Im Gone (with Katy ,"Katy Perry, Alesso",2021-12-29,3270,161.266,226897599,125,F#,Major,69,70,89,4,0,49,3
MAMIII,"Karol G, Becky G",2022-02-10,6809,226.088,716591492,94,E,Minor,84,90,70,9,0,14,8
Still D.R.E.,"Dr. Dre, Snoop Dogg",1999-01-01,33966,270.586,1210599487,93,B,Major,81,53,78,18,0,6,24
Stay Alive (Prod. SUGA of BTS),Jung Kook,2022-02-11,590,210.928,246376690,130,D,Minor,51,50,76,30,0,10,7
Boyfriend,Dove Cameron,2022-02-11,3766,153.0,496311364,180,G,Minor,35,23,61,23,0,19,6
The Joker And The Queen (feat. Taylor Swift),"Ed Sheeran, Taylor Swift",2022-02-11,1430,185.422,146789379,134,E,Major,53,31,31,92,0,28,3
The Next Episode,"Dr. Dre, Snoop Dogg",1999-01-01,31762,161.506,843309044,95,D#,Minor,92,31,89,3,0,8,25
Light Switch,Charlie Puth,2022-01-19,4049,187.703,500340342,184,F#,Major,69,91,63,11,0,9,31
City of Gods,"Kanye West, Alicia Keys, Fivio Foreign",2022-02-11,2096,256.0,107255472,147,G#,Minor,47,50,80,10,0,32,38
Brividi,"Mahmood, Blanco",2022-02-02,1175,199.146,135079152,123,G,Major,52,44,60,40,0,26,3
Lost,Frank Ocean,2012-01-01,29499,234.093,822239726,123,A#,Minor,91,49,61,3,0,17,22
In Da Club,50 Cent,2002-01-01,30427,193.466,1202722675,90,F#,Minor,90,79,71,26,0,7,37
she's all i wanna be,Tate McRae,2022-02-04,2711,207.12,343197054,160,D,Minor,61,65,64,1,0,12,4
Ginseng Strip 2002,Yung Lean,2013-08-16,4310,153.999,240769997,115,C#,Major,60,37,71,8,0,48,4
All For Us - from the HBO Original Series Euphoria,"Labrinth, Zendaya",2019-08-04,5342,192.986,426204830,141,D#,Major,37,17,67,2,0,34,9
Notion,The Rare Occasions,2016-08-05,2393,195.12,421135627,160,A,Major,31,30,88,7,0,8,8
Formula,Labrinth,2019-10-04,3444,91.869,554875730,145,B,Major,57,23,66,4,6,15,4
Mount Everest,Labrinth,2019-06-21,5443,157.497,467727006,89,C#,Minor,46,43,43,23,8,8,22
Excuses,"Intense, AP Dhillon, Gurinder Gill",2020-07-24,272,176.232,327498031,95,F,Minor,84,49,72,8,0,15,8
Cigarettes,Juice WRLD,2021-12-10,975,227.527,185408548,160,D,Major,60,47,62,3,0,38,4
"Cayo La Noche (feat. Cruz Cafune, Abhir Hathi, Bejo, EL IMA)","Quevedo, La Pantera, Juseph, Cruz Cafunï¿½ï¿½, Bï¿½ï¿½jo, Abhir Hathi",2022-01-14,1034,413.11,245400167,174,F,Minor,67,74,75,44,0,7,30
California Love - Original Version (Explicit),"Dr. Dre, 2Pac, Roger",1995-12-28,18773,284.906,579395142,92,G,Major,77,76,84,3,0,38,4
Forgot About Dre,"Eminem, Dr. Dre",1999-01-01,19067,222.293,675039469,134,G#,Major,93,61,74,9,0,17,8
Down Under (feat. Colin Hay),"Luude, Colin Hay",2021-11-19,3541,158.774,252871192,172,B,Minor,31,4,86,1,0,28,17
Mujeriego,Ryan Castro,2021-12-17,1492,142.5,231996128,80,A,Major,76,92,62,6,0,8,13
HUMBLE.,Kendrick Lamar,2017-03-30,33206,177.0,1929770265,150,C#,Minor,91,42,60,0,0,9,12
Stan,"Eminem, Dido",1999-11-21,17115,404.106,918915401,80,F#,Minor,78,53,74,4,0,45,21
Contection,"GODZZ__-, Zakaria",2020-01-16,6955,316.446,1180896317,166,A#,Minor,81,83,75,14,0,29,34
Swim,Chase Atlantic,2017-10-04,2742,228.786,498960285,120,G#,Major,67,8,54,27,0,8,4
A Tu Merced,Bad Bunny,2020-02-29,4214,175.918,685071800,92,G#,Major,86,89,79,17,0,11,6
Numb Little Bug,Em Beihold,2022-01-28,2026,169.237,258714692,85,G#,Minor,74,61,52,30,0,26,9
212,"Mainstreet, Chefin",2022-01-15,352,180.925,143139338,154,D,Minor,79,86,52,66,0,9,7
Problemon,"Alvaro Diaz, Rauw Alejandro",2021-10-22,1517,192.613,209768491,92,D,Minor,73,37,74,28,0,14,6
Bussin,"Nicki Minaj, Lil Baby",2022-02-11,847,188.753,64714573,140,B,Major,89,75,70,6,0,13,5
Worst Day,Future,2022-02-11,910,184.893,50746620,89,C#,Major,65,60,60,11,0,10,40
Malvada,Zï¿½ï¿½ Fe,2022-01-28,601,194.6045,154119539,135,F,Minor,89,89,86,16,0,8,5
Hrs and Hrs,Muni Long,2021-11-19,1800,204.316,181328253,140,G#,Minor,51,66,53,60,0,11,18
Alien Blues,Vundabar,2015-07-24,1930,155.933,370068639,82,D#,Major,47,44,76,8,91,9,3
Thinking Out Loud,Ed Sheeran,2014-01-01,33032,281.56,2280566092,79,D,Major,78,58,45,47,0,18,3
Still Don't Know My Name,Labrinth,2019-10-04,6332,153.294,563902868,88,F,Major,31,31,63,47,27,21,12
Christmas Tree,V,2021-12-24,509,209.946,317622165,139,F,Major,44,18,38,70,0,12,4
Mal Feito - Ao Vivo,"Marï¿½ï¿½lia Mendonï¿½ï¿½a, Hugo & G",2022-01-14,971,192.25650000000002,291709698,124,D,Minor,73,68,83,55,0,90,7
When I R.I.P.,Labrinth,2019-10-04,2578,174.567,203680270,80,G#,Minor,39,45,55,73,0,9,21
Do We Have A Problem?,"Nicki Minaj, Lil Baby",2022-02-04,1064,207.065,81350745,120,C#,Minor,84,54,51,47,0,12,40
Forever,Labrinth,2019-10-04,3618,208.546,282883169,80,E,Minor,56,19,46,92,72,11,3
Gospel (with Eminem),"Eminem, Dr. Dre",2022-02-04,1040,210.027,64787943,117,C#,Major,92,62,86,11,0,24,24
NEW MAGIC WAND,"Tyler, The Creator",2019-05-16,4708,208.57999999999998,461437791,140,F,Minor,62,46,73,10,0,67,11
Adore You,Harry Styles,2019-12-06,13454,207.133,1439191367,99,G#,Major,68,57,77,2,0,10,5
La Santa,"Daddy Yankee, Bad Bunny",2020-02-29,4890,206.42,759208783,93,C#,Major,74,59,87,3,0,8,5
Something In The Way - Remastered 2021,Nirvana,1991-09-24,9514,232.203,368646862,106,G#,Major,44,8,20,74,42,11,3
Sweetest Pie,"Dua Lipa, Megan Thee Stallion",2022-03-11,3501,201.334,299634472,124,G,Major,81,68,63,17,0,10,22
Bam Bam (feat. Ed Sheeran),"Camila Cabello, Ed Sheeran",2022-03-04,6111,206.07,756907987,95,G#,Major,76,96,70,18,0,33,4
Una Noche en Medellï¿½,Cris Mj,2022-01-21,5415,205.144,682475162,96,A#,Minor,87,82,53,10,0,5,8
Envolver,Anitta,2021-11-11,4673,193.805,546191065,92,E,Minor,81,40,73,15,0,9,8
Starlight,Dave,2022-03-03,1856,217.9025,229473310,124,G,Major,95,36,37,35,0,10,28
Hati-Hati di Jalan,Tulus,2022-03-03,200,242.0,202677468,72,F#,Major,64,76,44,70,9,12,4
"I'm Tired - From ""Euphoria"" An Original HBO Series",Labrinth,2022-02-04,1888,211.137,121913181,71,G,Minor,28,26,20,19,0,30,3
Yo Voy (feat. Daddy Yankee),Zion & Lennox,2004-05-04,2954,232.019,527033089,95,A#,Major,81,56,70,4,0,5,24
"Residente: Bzrp Music Sessions, Vol. 49","Residente, Bizarrap",2022-03-03,461,519.289,94616487,71,C#,Minor,59,70,74,56,0,11,40
Jordan,Ryan Castro,2021-04-30,2844,362.837,394030335,180,A#,Minor,80,71,68,6,0,10,37
Nail Tech,Jack Harlow,2022-02-18,2939,206.385,193443895,150,E,Minor,65,11,58,0,0,12,9
Chale,Eden Muñoz,2022-02-18,695,170.744,299648208,189,G#,Major,55,86,44,40,0,7,4
DARARI,Treasure,2022-02-15,328,178.233,182978249,85,G#,Major,72,55,64,49,0,7,4
Ya No Somos Ni Seremos,Christian Nodal,2022-02-18,866,185.722,319757142,140,G,Major,59,73,45,44,0,34,3
Thinking with My Dick,"Kevin Gates, Juicy J",2013-07-16,1550,165.314,109091573,81,F#,Major,77,68,70,6,0,17,20
Freaky Deaky,"Tyga, Doja Cat",2022-02-25,1729,215.281,153240879,104,D,Minor,80,24,65,2,0,9,4
this is what falling in love feels like,JVKE,2021-09-03,2005,120.308,346127840,129,B,Major,42,33,44,62,0,8,6
La Zona,Bad Bunny,2020-02-29,1188,136.892,312622938,94,C#,Minor,76,81,80,20,0,25,4
Bohemian Rhapsody - Remastered 2011,Queen,1975-10-31,40112,354.32,2197010679,71,F,Minor,41,23,40,27,0,30,5
Hope,XXXTENTACION,2018-03-16,3659,110.886,1200808494,146,A,Minor,59,23,46,66,0,15,6
Levitating,Dua Lipa,2020-03-27,9833,203.807,797196073,103,F#,Minor,69,90,88,5,0,29,8
Wake Me Up - Radio Edit,Avicii,2013-01-01,50887,246.813,1970673297,124,D,Major,53,66,78,0,0,16,5
"jealousy, jealousy",Olivia Rodrigo,2021-05-21,3257,173.16,665765558,164,A#,Minor,70,71,58,24,0,7,13
Demasiadas Mujeres,C. Tangana,2020-10-08,2226,153.96,339473453,126,A,Minor,67,37,46,13,0,10,39
Something Just Like This,"The Chainsmokers, Coldplay",2017-02-22,23375,247.16,2204080728,103,B,Minor,61,47,65,3,0,17,4
Closer,"The Chainsmokers, Halsey",2016-05-31,28032,244.96,2591224264,95,G#,Major,75,64,52,41,0,11,3
O.O,NMIXX,2022-02-22,290,172.936,135444283,200,B,Minor,39,28,77,4,0,6,29
Somebody That I Used To Know,"Gotye, Kimbra",2011-01-01,42798,244.973,1457139296,129,F,Major,86,75,52,54,0,10,4
Tom's Diner,"AnnenMayKantereit, Giant Rooks",2019-06-28,2605,269.333,236872197,98,F#,Minor,68,33,43,38,0,36,14
First Class,Jack Harlow,2022-04-08,8737,173.947,694525298,107,G#,Major,91,32,56,3,0,11,10
Plan A,Paulo Londra,2022-03-23,1105,178.202,240661097,174,G#,Major,58,56,83,5,0,7,4
Fuera del mercado,Danny Ocean,2022-02-17,2499,159.849,421365166,92,G#,Major,45,27,67,32,0,13,14
X ULTIMA,"Daddy Yankee, Bad Bunny",2022-03-25,2697,192.477,349746291,90,G,Major,81,59,83,9,0,11,5
When You're Gone,Shawn Mendes,2022-03-31,2092,172.266,255120451,147,F,Major,60,58,69,2,0,58,4
In My Head,Lil Tjay,2022-04-01,1185,173.906,190981339,143,C#,Major,68,41,55,16,0,10,12
Wait a Minute!,Willow,2015-01-11,11985,175.546,924193303,101,D#,Minor,76,63,71,3,0,10,3
LOVE DIVE,IVE,2022-04-05,753,177.186,305771063,118,C#,Minor,70,54,71,0,0,33,4
Pantysito,"Feid, Alejo, Robi",2022-03-18,2995,240.413,273005485,98,G,Minor,83,63,74,14,0,16,6
Chance,Paulo Londra,2022-04-06,225,227.57600000000002,89566512,138,C#,Minor,72,22,46,24,0,9,6
Cool for the Summer,Demi Lovato,2015-01-01,9243,214.739,677389855,114,F,Minor,59,30,62,1,0,8,4
psychofreak (feat. WILLOW),"Camila Cabello, Willow",2022-04-07,918,201.495,75476209,180,G,Minor,63,45,64,34,0,9,8
Angel Baby,Troye Sivan,2021-09-09,1959,220.779,408843328,145,B,Major,56,41,57,1,0,13,3
Vampiro,"Matuï¿½ï¿½, Wiu, ",2022-01-30,540,210.558,187772591,115,G#,Minor,78,63,64,1,0,7,4
Si Quieren Frontear,"De La Ghetto, Duki, Quevedo",2022-03-31,859,200.337,178512385,82,A#,Major,79,48,84,13,0,21,23
Right On,Lil Baby,2022-04-08,1116,213.975,101780047,166,D,Major,70,22,61,2,0,10,34
Me Arrepentï¿,"Ak4:20, Cris Mj, Pailita",2022-03-30,273,232.0,118381354,92,D,Major,86,91,79,29,0,60,16
That's Hilarious,Charlie Puth,2022-04-08,686,144.933,146363130,108,F#,Major,71,55,44,74,0,11,6
Soy El Unico,Yahritza Y Su Esencia,2022-03-25,226,213.999,126443991,84,E,Minor,71,63,45,45,0,11,3
sentaDONA (Remix) s2,"Luï¿½ï¿½sa Sonza, MC Frog, Dj Gabriel do Borel, Davi K",2022-03-17,870,125.245,176290831,135,D#,Minor,93,77,45,25,0,13,27
Falling,Harry Styles,2019-12-13,7556,139.623,1023187129,110,E,Major,57,6,27,84,0,9,3
Sigue,"Ed Sheeran, J Balvin",1996-11-24,1370,154.001,106933107,88,G,Major,89,59,64,5,0,19,7
Fim de Semana no Rio,teto,2022-03-30,315,168.37900000000002,139193812,119,C#,Minor,87,28,50,12,0,10,10
MANIAC,Stray Kids,2022-03-18,651,182.757,212234990,120,C#,Major,58,71,80,15,0,7,41
There's Nothing Holdin' Me Back,Shawn Mendes,2016-09-23,12382,199.44,1714490998,122,D,Major,86,97,80,36,0,9,6
IDGAF (with blackbear),"Blackbear, BoyWithUke",2022-03-18,625,140.666,197643795,98,F,Major,78,83,75,41,0,27,8
Golden,Harry Styles,2019-12-13,8429,194.5395,807015863,140,E,Minor,45,25,84,21,0,13,6
Get Lucky - Radio Edit,"Pharrell Williams, Nile Rodgers, Daft Punk",2013-01-01,52898,248.413,933815613,116,F#,Minor,79,87,81,4,0,10,4
Ain't Shit,Doja Cat,2021-06-25,3436,174.253,499710590,124,D#,Major,86,62,49,51,0,35,21
"Nobody Like U - From ""Turning Red""","Jordan Fisher, Josh Levi, Finneas O'Connell, 4*TOWN (From Disney and Pixarï¿½ï¿½ï¿½s Turning Red), Topher Ngo, Grayson Vill",2022-02-25,918,160.958,120847157,105,A,Minor,91,73,72,13,0,9,15
Still Life,BIGBANG,2022-04-05,181,209.97199999999998,53909146,118,G#,Major,68,24,58,44,0,6,3
Photograph,Ed Sheeran,2014-06-20,18778,258.986,2236667932,108,E,Major,61,20,38,61,0,10,5
Love Yourself,Justin Bieber,2015-11-09,22730,233.72,2123309722,100,E,Major,61,53,38,84,0,28,44
N95,Kendrick Lamar,2022-05-13,5542,195.95,301242089,140,D#,Minor,81,39,66,38,0,12,14
About Damn Time,Lizzo,2022-04-14,9021,191.937,723894473,109,A#,Minor,84,72,74,10,0,34,7
Die Hard,"Kendrick Lamar, Blxst, Amanda Reifer",2022-05-13,4627,239.026,237351106,101,C#,Minor,78,40,74,36,0,17,27
Un Ratito,Bad Bunny,2022-05-06,1112,176.936,417230415,93,A,Minor,79,22,55,31,0,12,5
United In Grief,Kendrick Lamar,2022-05-13,2575,255.377,156898322,87,G#,Major,52,32,83,24,0,17,43
Father Time (feat. Sampha),"Kendrick Lamar, Sampha",2022-05-13,3107,222.497,127309180,153,A#,Minor,55,50,78,19,0,11,35
Yo No Soy Celoso,Bad Bunny,2022-05-06,1179,230.704,313113297,142,A#,Major,87,93,59,28,0,17,5
Rich Spirit,Kendrick Lamar,2022-05-13,3486,202.285,173702135,96,A#,Minor,85,41,43,39,0,12,21
Cooped Up (with Roddy Ricch),"Post Malone, Roddy Ricch",2022-05-12,2942,185.857,271666301,125,A#,Major,50,39,78,4,0,11,33
Me Fui de Vacaciones,Bad Bunny,2022-05-06,1443,180.929,305650299,85,A#,Major,71,43,65,23,0,9,5
Silent Hill,"Kendrick Lamar, Kodak Black",2022-05-13,3028,220.779,123216717,140,C#,Minor,92,78,57,46,0,14,9
La Corriente,"Tony Dize, Bad Bunny",2022-05-06,1796,198.367,479655659,196,B,Minor,66,58,79,23,0,22,20
Count Me Out,Kendrick Lamar,2022-05-13,2729,283.642,126191104,134,G,Major,78,51,43,69,0,14,9
Andrea,"Buscabulla, Bad Bunny",2022-05-06,1195,339.611,344055883,103,C#,Minor,80,45,62,76,0,10,38
Dos Mil 16,Bad Bunny,2022-05-06,892,208.615,338422004,130,C#,Major,82,50,67,12,0,13,5
We Cry Together,"Kendrick Lamar, Taylour Paige",2022-05-13,1635,341.307,68895644,108,B,Major,65,52,69,31,0,8,36
Savior,"Kendrick Lamar, Sam Dew, Baby Keem",2022-05-13,2291,224.466,86176890,123,G#,Major,61,66,71,53,0,32,46
Un Coco,Bad Bunny,2022-05-06,1029,196.412,403231558,152,B,Major,84,74,69,21,0,18,6
Otro Atardecer,"Bad Bunny, The Marï¿½ï",2022-05-06,1681,244.444,319546754,108,D,Major,78,55,60,59,0,7,4
Worldwide Steppers,Kendrick Lamar,2022-05-13,1480,203.367,61739839,72,A#,Minor,56,56,47,76,0,8,36
Aguacero,Bad Bunny,2022-05-06,829,210.989,283359161,121,F#,Minor,86,67,65,42,0,35,7
Purple Hearts,"Kendrick Lamar, Ghostface Killah, Summer Walker",2022-05-13,2308,329.295,76831876,138,D#,Minor,57,71,82,19,0,15,29
Un Verano Sin Ti,Bad Bunny,2022-05-06,1004,148.143,283332261,188,F,Minor,50,41,50,69,0,12,6
ULTRA SOLO,"Polima WestCoast, Pailita",2022-02-14,1367,227.22,307752576,110,C#,Major,80,26,85,23,0,11,21
El Apagon,Bad Bunny,2022-05-06,1209,201.816,212351890,118,G#,Major,63,60,70,5,0,9,31
Callaita,"Bad Bunny, Tainy",2019-05-31,9539,250.533,1304313953,176,D,Major,61,24,62,60,0,24,31
Dua Lipa,Jack Harlow,2022-05-06,1992,135.053,150500965,158,B,Major,83,41,65,0,10,11,8
Agosto,Bad Bunny,2022-05-06,897,139.041,246127838,115,C#,Minor,85,72,58,9,0,49,12
House Of Memories,Panic! At The Disco,2016-01-15,2948,208.706,582863434,110,B,Minor,51,48,82,0,0,5,3
Mr. Morale,"Kendrick Lamar, Tanna Leone",2022-05-13,1860,210.841,58687425,174,A,Major,73,26,54,30,0,34,32
That That (prod. & feat. SUGA of BTS),"PSY, Suga",2022-04-29,802,174.646,212109195,130,E,Major,91,91,96,3,0,3,9
In The Stars,Benson Boone,2022-04-29,2224,216.41,382199619,78,A#,Major,36,30,54,34,0,14,5
Rich - Interlude,Kendrick Lamar,2022-05-13,1103,103.319,41210087,104,G,Major,44,74,42,88,0,9,9
SUPERMODEL,Mï¿½ï¿½ne,2022-05-13,2265,141.432,231657891,121,G,Major,64,80,88,0,0,12,6
Stefania (Kalush Orchestra),KALUSH,2022-03-10,555,179.545,53729194,105,D,Major,83,32,82,14,0,12,4
Thousand Miles,The Kid Laroi,2022-04-22,2050,221.92199999999997,244741137,81,G,Major,38,20,66,9,0,9,8
Crown,Kendrick Lamar,2022-05-13,1493,264.299,42485571,170,C#,Minor,37,14,24,80,0,11,4
Auntie Diaries,Kendrick Lamar,2022-05-13,1545,281.069,37778188,78,G,Major,43,60,38,76,1,48,38
PUFFIN ON ZOOTIEZ,Future,2022-04-29,2350,172.933,254218729,125,G#,Major,88,28,66,6,0,13,31
Mirror,Kendrick Lamar,2022-05-13,1929,201.46866666666668,53603447,92,E,Minor,66,29,65,23,0,8,7
Beautiful Girl,Luciano,2022-04-22,710,230.00433333333334,160035717,140,B,Minor,84,61,42,31,0,9,9
"Paulo Londra: Bzrp Music Sessions, Vol. 23","Bizarrap, Paulo Londra",2022-04-25,928,258.54,164163229,96,C#,Major,61,32,90,25,0,10,9
Savior - Interlude,Kendrick Lamar,2022-05-13,1194,152.985,37091576,118,F,Minor,66,83,43,84,0,19,19
Pasoori,"Shae Gill, Ali Sethi",2022-02-06,349,224.146,284249832,92,B,Minor,71,67,60,7,0,6,4
Mother I Sober (feat. Beth Gibbons of Portishead),"Kendrick Lamar, Beth Gibbons",2022-05-13,1890,406.528,33381454,140,G#,Minor,49,50,37,87,0,11,35
Where Did You Go?,"MNEK, Jax Jones",2022-01-26,4531,177.689,300983101,127,A#,Major,77,53,78,19,0,29,4
I Tried to Tell Y'all,"Ugly Dray, Tesla Jnr",2022-05-06,1657,280.584,121077868,96,B,Major,71,37,52,62,0,11,36
Honest (feat. Don Toliver),"Justin Bieber, Don Toliver",2022-04-29,1351,193.322,106919680,150,G#,Minor,82,82,66,13,0,11,6
ZOOM,Jessi,2022-04-13,608,174.84,136996305,100,F#,Major,87,46,60,1,0,13,16
SloMo,Chanel,2021-12-24,1211,180.0,65719930,105,C#,Minor,73,59,81,13,0,9,6
FEARLESS,LE SSERAFIM,2022-05-02,629,168.437,229497852,104,G,Major,86,43,62,5,0,13,14
10 Things I Hate About You,Leah Kate,2022-03-23,1301,157.138,185550869,154,G#,Major,54,45,79,1,0,17,5
SPACE MAN,Sam Ryder,2022-02-22,1329,217.32,54682594,80,B,Major,47,33,83,18,0,10,5
With you,"HA SUNG WOON, Jimin",2022-04-24,343,253.4265,240580042,150,D#,Major,53,14,43,64,0,13,3
Iris,The Goo Goo Dolls,1998-03-31,13101,289.533,1284942608,156,B,Minor,32,49,72,0,0,9,4
The Heart Part 5,Kendrick Lamar,2022-05-08,2939,332.228,71423324,98,G#,Minor,76,79,81,18,0,6,34
San Lucas,Kevin Kaarl,2019-11-07,407,247.196,244891912,92,G,Major,58,27,36,86,0,9,3
This Love (Taylors Ve,Taylor Swift,2022-05-06,1492,250.1,132171975,144,E,Major,47,7,50,32,0,7,4
Good Looking,Suki Waterhouse,2017-10-20,2264,214.8,184706613,150,E,Major,37,27,56,8,0,13,3
Flowers,Lauren Spencer Smith,2021-08-09,801,157.373,184826429,138,D#,Major,70,31,44,84,0,9,39
Yet To Come,BTS,2022-06-10,829,223.535,302006641,172,C#,Major,56,68,89,4,0,33,19
Run BTS,BTS,2022-06-10,736,204.939,330881149,77,G#,Major,72,70,82,2,0,4,17
Music For a Sushi Restaurant,Harry Styles,2022-05-20,4449,193.813,334733572,107,B,Major,72,36,72,26,6,11,4
Matilda,Harry Styles,2022-05-20,3218,245.964,366214458,114,D,Major,51,39,29,90,0,10,4
For Youth,BTS,2022-06-10,327,264.48,114546317,117,D,Major,63,29,51,43,0,25,4
Daylight,Harry Styles,2022-05-20,2775,223.693,290833204,146,F#,Major,69,63,45,48,0,18,4
Vegas (From the Original Motion Picture Soundtrack ELVIS),Doja Cat,2022-05-06,4576,182.906,448500832,160,G#,Minor,80,74,60,8,0,14,26
Cash In Cash Out,"Pharrell Williams, Tyler, The Creator, 21 Savage",2022-06-10,2313,216.135,136676504,120,G,Major,88,15,56,1,0,8,6
Potion (with Dua Lipa & Young Thug),"Calvin Harris, Dua Lipa, Young Thug",2022-05-27,3983,214.459,190625045,100,B,Minor,82,76,70,16,0,8,5
Born Singer,BTS,2022-06-10,279,238.628,79095270,158,G#,Minor,60,68,84,4,0,24,11
Little Freak,Harry Styles,2022-05-20,2302,202.183,273194684,142,D#,Major,56,40,54,72,0,10,4
La Llevo Al Cielo (Ft. ï¿½ï¿½engo F,"Nengo Flow, Anuel Aa, Chris Jedi, Chencho Corleone",2022-05-20,3559,254.92,333146475,170,A,Minor,80,77,85,11,0,17,14
True Love,"Kanye West, XXXTENTACION",2022-05-27,2129,148.571,194902696,84,F,Minor,71,39,86,2,0,51,25
Satellite,Harry Styles,2022-05-20,3291,218.577,311482393,139,D,Major,58,30,46,14,0,9,3
Pass The Dutchie,Musical Youth,1982-01-01,5328,205.426,195918494,151,G,Major,73,88,67,20,0,32,5
"Villano Antillano: Bzrp Music Sessions, Vol. 51","Bizarrap, Villano Antillano",2022-06-08,1401,187.5,248511839,128,C#,Minor,82,42,75,6,0,63,6
Love Of My Life,Harry Styles,2022-05-20,1933,191.638,233671263,118,G,Major,56,20,54,67,0,6,5
Grapejuice,Harry Styles,2022-05-20,1986,191.958,199587884,183,F,Major,65,88,72,36,14,20,3
So Good,Halsey,2022-06-09,1057,176.058,91781263,83,D#,Minor,63,29,62,4,0,18,4
Belly Dancer,"BYOR, Imanbek",2022-02-18,5115,151.475,383835984,122,C#,Major,85,42,80,6,0,17,14
Keep Driving,Harry Styles,2022-05-20,2094,140.241,236060709,165,A,Major,72,90,48,32,0,18,23
Cinema,Harry Styles,2022-05-20,2171,243.507,189236868,106,A,Minor,83,90,64,35,5,9,4
Die Young (feat. 347aidan),"Sleepy hallow, 347aidan",2022-05-25,896,148.816,160845341,77,B,Major,81,68,58,83,0,11,34
Only Love Can Hurt Like This,Paloma Faith,2014-01-01,5148,232.893,588955257,91,G#,Major,57,30,89,10,0,33,8
Hold My Hand,Lady Gaga,2022-05-03,2528,210.1175,238350348,148,G,Major,51,21,63,5,0,41,3
Daydreaming,Harry Styles,2022-05-20,1900,187.342,187703102,114,E,Minor,71,90,81,31,2,13,3
Numb,"Marshmello, Khalid",2022-06-10,3879,189.214,295307001,120,G#,Minor,91,63,77,12,1,10,5
Nos Comemos (feat. Ozuna),"Ozuna, Tiago pzk",2022-06-02,896,191.086,138334433,92,F#,Major,83,56,82,10,0,9,5
Me and Your Mama,Childish Gambino,2016-11-10,8775,379.226,445590495,118,F,Major,56,25,45,1,3,7,3
Crazy What Love Can Do,"David Guetta, Ella Henderson, Becky Hill",2022-03-18,5290,169.756,286739476,123,E,Minor,60,46,71,3,0,16,4
SLOW DANCING IN THE DARK,Joji,2018-09-12,10211,209.273,1122364376,89,D#,Major,52,28,48,54,1,19,3
Antes de Perderte,Duki,2022-06-02,584,176.727,157136970,110,F,Minor,81,61,93,49,0,12,11
Boyfriends,Harry Styles,2022-05-20,1517,194.543,137070925,118,C#,Major,42,32,20,94,0,11,4
295,Sidhu Moose Wala,2021-05-15,246,270.0,183273246,90,B,Minor,68,54,76,21,0,11,20
Tak Ingin Usai,Keisya Levronka,2022-05-13,220,278.5,184807630,130,F,Major,49,14,40,82,0,11,3
En El Radio Un Cochinero,Victor Cibrian,2022-05-13,514,223.431,164856284,154,F#,Minor,70,97,62,47,0,10,4
Master of Puppets (Remastered),Metallica,1986-03-03,6080,515.386,704171068,105,E,Minor,54,59,83,0,44,20,4
BREAK MY SOUL,Beyoncï¿,2022-06-21,9724,418.8665,354614964,115,C#,Minor,70,87,88,4,0,26,8
ULTRA SOLO REMIX,"De La Ghetto, Feid, Polima WestCoast, Paloma Mami, Pailita",2022-06-16,2341,322.347,279717388,110,C#,Major,91,59,82,8,0,6,8
Massive,Drake,2022-06-17,5263,336.924,195628667,125,E,Minor,51,5,68,12,2,15,6
Betty (Get Money),Yung Gravy,2022-06-10,2402,146.47,221752937,102,C#,Major,73,62,75,0,0,34,8
Ojos Marrones,Lasso,2022-02-06,795,198.52,263280370,120,G#,Minor,81,72,65,4,0,14,4
POP!,Nayeon,2022-06-24,571,251.03533333333334,213505179,97,D,Major,80,36,86,4,0,3,5
MORE,j-hope,2022-07-01,565,303.55066666666664,155795783,97,D,Major,78,31,72,1,0,11,4
Sweet Child O' Mine,Guns N' Roses,1987-01-01,41231,356.066,1553497987,125,F#,Major,45,67,90,9,11,10,5
Last Last,Burna Boy,2022-05-12,4526,172.342,293466523,88,D#,Minor,80,55,56,13,0,8,9
SNAP,Rosa Linn,2022-03-19,1818,179.551,711366595,170,A#,Major,56,52,64,11,0,45,7
Sticky,Drake,2022-06-17,2814,243.227,191448892,137,A#,Minor,88,8,49,9,0,9,14
Hot Shit (feat. Ye & Lil Durk),"Kanye West, Lil Durk, Cardi B",2022-07-01,1601,211.649,85924992,157,A,Major,88,52,69,0,0,8,23
Ai Preto,"L7nnon, DJ Biel do Furduncinho, Bianca",2022-06-03,894,131.583,176103902,130,F#,Major,95,83,57,54,0,10,25
La Loto,"Anitta, Tini, Becky G",2022-07-06,945,190.666,121189256,90,C#,Major,85,80,83,10,0,8,11
die first,Nessa Barrett,2022-06-24,767,177.108,131746175,183,G#,Minor,44,44,67,7,0,12,13
Afraid To Feel,LF System,2022-05-02,5898,158.70749999999998,244790012,128,C#,Major,58,68,91,2,0,27,11
Baile no Morro,"Mc Vitin Da Igrejinha, MC Tairon, DJ Win",2022-06-10,685,140.307,129314708,130,D#,Minor,71,78,40,46,0,7,45
cï¿½ï¿½mo dormi,Rels B,2022-08-04,1452,156.51049999999998,331511413,126,C#,Major,63,56,43,24,0,12,23
Bad Decisions (with BTS & Snoop Dogg),"Snoop Dogg, BTS, Benny Blanco",2022-08-05,1456,172.714,219196651,120,D,Major,77,94,87,2,0,23,12
STAYING ALIVE (feat. Drake & Lil Baby),"Drake, DJ Khaled, Lil Baby",2022-08-05,2107,178.176,170732845,130,E,Minor,72,18,46,7,0,28,8
Caile,Luar La L,2020-12-18,1494,141.34,273914335,122,G,Major,70,46,76,30,0,9,45
Si Te La Encuentras Por Ahï¿,Feid,2022-08-05,1379,191.506,179061440,172,G#,Minor,74,46,58,15,0,13,8
GIVENCHY,Duki,2022-07-20,625,182.61,185236961,103,G#,Major,61,38,62,14,0,23,40
ALIEN SUPERSTAR,Beyoncï¿,2022-07-29,2688,213.707,171788484,122,A#,Minor,55,46,64,0,0,17,10
Mary On A Cross,Ghost,2019-09-13,2668,244.804,387080183,130,B,Major,47,56,90,0,0,10,4
Attention,NewJeans,2022-08-01,799,180.066,264717480,105,A#,Minor,81,70,65,24,0,8,4
THE SHADE,Rex Orange County,2022-03-11,1189,181.506,244928911,120,F,Major,90,73,51,39,0,9,6
"Come Back Home - From ""Purple Hearts""",Sofia Carson,2022-07-12,367,176.858,97610446,145,G,Major,56,43,53,24,0,12,4
El Rescate,"Grupo Marca Registrada, Junior H",2022-07-22,527,160.897,287278853,99,G,Minor,79,64,59,28,0,11,14
Heartless,Kanye West,2008-01-01,17504,211.0,887906111,88,A#,Minor,79,66,65,5,0,25,14
"Stay With Me (with Justin Timberlake, Halsey, & Pharrell)","Calvin Harris, Halsey, Pharrell Williams, Justin Timberlake",2022-07-15,3113,229.282,123473120,126,A,Major,81,90,73,28,0,29,4
Siempre Pendientes,"Peso Pluma, Luis R Conriquez",2022-08-15,685,186.828,295152154,136,D,Major,77,71,75,33,1,13,4
JGL,"Luis R Conriquez, La Adictiva",2022-02-18,782,158.093,323455692,113,G#,Major,70,97,59,55,0,27,12
Don't You Worry,"David Guetta, Shakira, Black Eyed Peas",2022-06-16,2442,176.0575,240918092,132,B,Major,82,49,88,20,0,21,3
Pipoco,"Melody, Ana Castela, Dj Chris No Beat",2022-05-20,1112,194.022,191873381,135,G#,Major,77,74,74,47,0,34,8
Hold Me Closer,"Elton John, Britney Spears",2017-11-10,4967,202.245,284216603,126,A,Major,67,49,77,11,0,19,11
Forget Me,Lewis Capaldi,2022-09-09,2520,189.609,239411309,102,C#,Minor,67,72,74,30,0,36,4
After LIKE,IVE,2022-08-22,767,176.973,265548837,125,C#,Major,68,80,92,10,0,9,12
Bound 2,Kanye West,2013-01-01,19806,229.146,703301727,149,C#,Major,37,28,66,14,0,9,5
B.O.T.A. (Baddest Of Them All) - Edit,"Interplanetary Criminal, Eliza Rose",2022-06-15,5153,226.626,244585109,137,F#,Major,74,71,89,24,61,15,5
Talk that Talk,TWICE,2022-08-26,615,177.466,189476119,120,D#,Minor,77,78,91,14,0,33,12
BILLIE EILISH.,Armani White,2022-01-20,2537,99.282,277132266,100,C#,Major,90,75,50,11,0,9,26
Ferxxo 100,Feid,2022-06-03,1647,167.973,278920007,164,G#,Minor,70,58,57,25,0,15,7
KU LO SA - A COLORS SHOW,Oxlade,2022-06-10,2019,147.58,222410722,93,A#,Minor,65,79,66,31,0,22,7
Prohibidox,Feid,2022-09-13,1473,166.253,185392587,180,C#,Minor,65,52,80,5,0,6,25
Static,Steve Lacy,2022-07-15,1613,156.546,202452860,79,C#,Major,34,22,31,43,63,10,7
The Scientist,Coldplay,2002-08-05,30992,309.6,1608164312,146,F,Major,56,21,44,73,0,11,2
Sparks,Coldplay,2000-07-10,10826,227.093,624101957,103,C#,Major,37,17,27,75,5,10,3
Talk,YEAT,2022-09-02,920,222.893,148461629,140,E,Minor,70,26,76,8,0,54,23
XQ Te Pones Asï¿,"Yandel, Feid",2022-09-13,308,218.693,47093942,92,A#,Major,81,48,70,13,0,15,7
Selfish,PnB Rock,2016-06-23,2468,245.604,380319238,102,C#,Minor,64,4,60,11,0,19,4
Lady Mi Amor,Feid,2022-09-13,330,147.066,53987404,93,D,Major,78,75,62,6,0,15,6
Poland,Lil Yachty,2022-06-23,1584,83.2,115331792,150,F,Minor,70,26,56,14,83,11,5
THE LONELIEST,Mï¿½ï¿½ne,2022-10-07,1585,95.849,225093344,130,D,Major,52,24,60,0,0,8,3
Bye Bye,"Marshmello, Juice WRLD",2022-10-14,766,108.498,84697729,83,D#,Minor,65,24,53,6,0,51,4
BABY OTAKU,"Fran C, Polima WestCoast, Nickoog Clk, Pablito Pesadilla",2022-08-18,836,176.47,159240673,102,A,Major,84,43,75,5,0,6,8
Nxde,(G)I-DLE,2022-10-17,430,178.453,170709584,136,E,Minor,73,65,91,4,0,48,18
Miss You,Southstar,1982-05-16,2020,181.303,154356956,145,A,Major,66,24,58,17,0,19,5
we fell in love in october,girl in red,2018-11-21,6858,184.153,723043854,130,G,Major,57,24,37,11,18,16,3
2 Be Loved (Am I Ready),Lizzo,2022-07-14,3682,187.107,247689123,156,G,Major,72,92,77,9,0,8,11
Celestial,Ed Sheeran,2022-09-29,1639,209.026,176474912,123,D,Major,57,50,85,5,0,16,4
Typa Girl,BLACKPINK,2022-09-16,452,179.172,235549288,132,G,Major,92,53,62,7,0,63,10
I Really Want to Stay at Your House,"Rosa Walton, Hallie Coggins",2020-12-18,668,246.652,140430339,125,D#,Minor,49,13,74,0,0,9,4
California Breeze,Lil Baby,2022-10-14,991,177.789,85559365,162,F,Minor,74,22,67,0,0,11,46
Bamba (feat. Aitch & BIA),"Luciano, Aitch, Bï¿½",2022-09-22,869,203.56,146223492,138,A#,Major,80,82,81,14,0,13,36
Casei Com a Putaria,"MC Ryan SP, Love Funk, Mc Paiva ZS",2022-07-01,648,157.5,187701588,161,A#,Minor,59,62,60,12,0,5,44
Major Distribution,"Drake, 21 Savage",2022-11-04,1545,170.501,154863153,131,G#,Minor,91,23,55,1,0,7,32
Pussy & Millions (feat. Travis Scott),"Drake, Travis Scott, 21 Savage",2022-11-04,1930,242.026,191333656,122,E,Minor,75,45,63,6,0,35,12
Vigilante Shit,Taylor Swift,2022-10-21,1948,164.801,253650850,80,E,Minor,80,16,28,17,0,12,39
Question...?,Taylor Swift,2022-10-21,1608,210.556,223064273,109,G,Major,75,11,50,20,0,30,17
On BS,"Drake, 21 Savage",2022-11-04,1338,261.543,170413877,158,A,Major,84,33,36,2,0,39,59
Mastermind,Taylor Swift,2022-10-21,1936,191.039,218320587,126,E,Major,66,12,35,55,0,9,14
Circo Loco,"Drake, 21 Savage",2022-11-04,1794,236.795,141720999,104,C#,Major,73,25,61,1,0,32,7
Labyrinth,Taylor Swift,2022-10-21,1597,247.962,187339835,110,D,Major,48,15,31,80,22,12,4
Spin Bout U,"Drake, 21 Savage",2022-11-04,1652,214.588,198365537,130,G,Major,77,20,70,1,0,16,5
Sweet Nothing,Taylor Swift,2022-10-21,1747,188.496,186104310,177,G,Major,34,39,16,97,0,12,5
"Would've, Could've, Should've",Taylor Swift,2022-10-21,1715,260.361,177503916,158,G,Major,48,55,84,43,0,15,12
Con La Brisa,"Ludwig Goransson, Foudeqush",2022-11-04,486,167.386,71095708,114,D,Minor,62,25,44,51,33,14,3
Privileged Rappers,"Drake, 21 Savage",2022-11-04,1007,160.821,112436403,144,F,Major,93,62,61,0,0,12,20
The Astronaut,Jin,2022-10-28,481,282.463,203436468,125,F,Major,54,22,76,0,0,14,3
BackOutsideBoyz,Drake,2022-11-04,1045,152.961,93367537,142,F,Minor,85,40,43,4,0,39,32
Broke Boys,"Drake, 21 Savage",2022-11-04,1060,225.439,106249219,120,D,Major,64,11,53,1,0,25,27
The Great War,Taylor Swift,2022-10-21,1274,240.355,181382590,96,F,Major,57,55,74,22,0,8,4
My Mind & Me,Selena Gomez,2022-11-03,953,147.597,91473363,144,A,Major,60,24,39,57,0,8,3
Bigger Than The Whole Sky,Taylor Swift,2022-10-21,1180,218.502,121871870,166,F#,Major,42,7,24,83,1,12,6
A Veces (feat. Feid),"Feid, Paulo Londra",2022-11-03,573,191.186,73513683,92,C#,Major,80,81,67,4,0,8,6
En La De Ella,"Feid, Sech, Jhayco",2022-10-20,1320,230.653,133895612,97,C#,Major,82,67,77,8,0,12,5
Alone,Burna Boy,2022-11-04,782,230.653,96007391,90,E,Minor,61,32,67,15,0,11,5
